date,time,rank,stock,theme,change_pct,market_cap,trading_value,stars,special_signal,reason,source,collected_at
2026-07-17,12:50,1,한화오션,조선/에너지,5.7,26.6조,"2,343억",3,,트럼프 대통령의 해외 건조 선박 구매 가능성 발언에 따라 조선업체들에 대한 긍정적 기대감. / 미국과의 협력 가능성에 대한 기대감이 고조되며 조선 테마 전체의 상승세.,todaytop15,2026-07-18 17:47:09
2026-07-17,12:50,2,온코닉테라퓨틱스,바이오/헬스케어,20.3,"6,584억",541억,3,,자큐보의 국내 처방 성장과 해외 허가 진행이 주목받으며 투자 기대감 상승. / 네수파립의 전이성 췌장암 완전관해 및 장기 생존 데이터가 긍정적으로 작용한 호재.,todaytop15,2026-07-18 17:47:09
2026-07-17,12:50,3,케이뱅크,가상자산/STO,11.1,2.6조,886억,3,,인터넷은행 업황 기대감과 금리 상승으로 인한 수익성 개선 전망. / 코픽스 상승에 따른 은행주 동반 강세로 투자 매력 증가.,todaytop15,2026-07-18 17:47:09
2026-07-17,12:50,4,현대약품,,13.3,"2,432억","1,853억",2,,이 대통령의 '미프진 도입' 언급에 따른 기대감. / 임신중절 약물 관련 정책 변화 가능성에 대한 긍정적 전망.,todaytop15,2026-07-18 17:47:09
2026-07-17,12:50,5,삼성화재,은행/보험,6.0,31.3조,994억,2,,강북삼성병원과의 '라이프케어 이노베이션 센터' 공동 설립 발표에 따른 기대감. / 2분기 예상 실적이 시장 컨센서스를 크게 상회하는 호실적 전망.,todaytop15,2026-07-18 17:47:09
2026-07-17,12:50,6,삼성공조,,17.1,"1,104억","1,067억",1,,냉각 수혜주로 부각되며 시장의 주목을 받은 점이 상승 요인. / 유럽과 중동의 폭염으로 인한 냉방·공조 시스템의 수요 증가 기대감.,todaytop15,2026-07-18 17:47:09
2026-07-17,12:50,7,SK텔레콤,금융/지주/밸류업,5.5,19.3조,"1,234억",1,,AI 데이터센터 구축 속도의 가속화로 인한 성장 기대감. / 2분기 호실적 발표에 따른 긍정적 시장 반응.,todaytop15,2026-07-18 17:47:09
2026-07-17,12:50,8,모나리자,,29.9,794억,263억,0,,마스크 테마 상승세에 따른 주가 상승 기대감. / 정부의 저출생 대응 정책 확대 기대감.,todaytop15,2026-07-18 17:47:09
2026-07-17,12:50,9,HD한국조선해양,조선/에너지,5.7,25.1조,869억,0,,연이은 수주 공시로 인한 사업 확장 기대감. / 트럼프의 한국 조선업체에 대한 긍정적 발언에 따른 협력 기대감.,todaytop15,2026-07-18 17:47:09
2026-07-17,12:50,10,SK이노베이션,정유/화학#배터리/2차전지,3.8,20.5조,"2,275억",0,,윤활유 사업의 최대 실적 기대감에 따른 상승세. / 2분기 깜짝 실적 전망에 따른 투자자 관심 증가.,todaytop15,2026-07-18 17:47:09
2026-07-17,12:50,11,기아,자동차/부품,3.2,58.4조,"1,424억",0,,카카오모빌리티 자율주행 시범사업에 PV5가 투입되며 자율주행 기술 경쟁력 강화 기대감. / 하반기 신차 효과와 글로벌 판매 확대에 따른 성장세 지속 전망.,todaytop15,2026-07-18 17:47:09
2026-07-17,12:50,12,삼익제약,바이오/헬스케어,29.8,557억,157억,0,,탈모 치료제 관련 정책 모멘텀으로 인한 주목. / 중증원형탈모치료제 건강보험 급여 약가 협상 타결에 따른 시장 확대 기대감.,todaytop15,2026-07-18 17:47:09
2026-07-17,12:50,13,깨끗한나라,저출산/재택,26.5,710억,168억,0,52주 최대 거래량,마스크 테마 상승세에 따른 기대감 / 공공생리대 지원 시범 사업 공급사 선정에 의한 호재,todaytop15,2026-07-18 17:47:09
2026-07-17,12:50,14,씨피시스템,,12.4,"1,224억",761억,0,,중국 최대 D램 기업 CXMT에 이어 국내 글로벌 반도체 클린룸 진입 소식에 따른 기대감. / 반도체 클린룸 진입을 통한 글로벌 시장 확장 가능성.,todaytop15,2026-07-18 17:47:09
2026-07-17,12:50,15,HD현대중공업,조선/에너지,2.8,50.8조,"1,330억",0,,"중속엔진 생산능력 확장 전망 및 상선 수주 목표 초과 달성 기대감. / 최근 데이터 센터 관련 수주로 인한 사업 다각화 및 경쟁력 강화 전망. / window._selectedDate = ""2026-07-17""; window._todayDate = ""2026-07-17""; const isLoggedIn = false; const isMarketstarPro = false; const dates = [""2026-07-17"",""2026-07-16"",""2026-07-15"",""2026-07-14"",""2026-07-13"",""2026-07-10"",""2026-07-09"",""2026-07-08"",""2026-07-07"",""2026-07-06"",""2026-07-03"",""2026-07-02"",""2026-07-01"",""2026-06-30"",""2026-06-29"",""2026-06-26"",""2026-06-25"",""2026-06-24"",""2026-06-23"",""2026-06-22"",""2026-06-19"",""2026-06-18"",""2026-06-17"",""2026-06-16"",""2026-06-15"",""2026-06-12"",""2026-06-11"",""2026-06-10"",""2026-06-09"",""2026-06-08"",""2026-06-05"",""2026-06-04"",""2026-06-03"",""2026-06-02"",""2026-06-01"",""2026-05-29"",""2026-05-28"",""2026-05-27"",""2026-05-26"",""2026-05-25"",""2026-05-22"",""2026-05-21"",""2026-05-20"",""2026-05-19"",""2026-05-18"",""2026-05-15"",""2026-05-14"",""2026-05-13"",""2026-05-12"",""2026-05-11"",""2026-05-08"",""2026-05-07"",""2026-05-06"",""2026-05-05"",""2026-05-04"",""2026-05-01"",""2026-04-30"",""2026-04-29"",""2026-04-28"",""2026-04-27"",""2026-04-24"",""2026-04-23"",""2026-04-22"",""2026-04-21"",""2026-04-20"",""2026-04-17"",""2026-04-16"",""2026-04-15"",""2026-04-14"",""2026-04-13"",""2026-04-10"",""2026-04-09"",""2026-04-08"",""2026-04-07"",""2026-04-06"",""2026-04-03"",""2026-04-02"",""2026-04-01"",""2026-03-31"",""2026-03-30""]; const selected = ""2026-07-17""; const idx = dates.indexOf(selected); let maxDates = 1; if (isMarketstarPro) maxDates = dates.length; else if (isLoggedIn) maxDates = 3; document.getElementById('prevDate').addEventListener('click', () => { const nextIdx = idx + 1; if (nextIdx >= dates.length) return; if (!isLoggedIn) { alert('\uacfc\uac70 \uc8fc\ub3c4\uc8fc\ub97c \ubcf4\uae30 \uc704\ud574\uc120 \ub85c\uadf8\uc778\uc774 \ud544\uc694\ud569\ub2c8\ub2e4.'); return; } if (!isMarketstarPro && nextIdx >= maxDates) { alert('\ub9c8\ucf13\uc2a4\ud0c0Pro\u2b50\uc5d0 \uac00\uc785\ud558\uc2dc\uba74 \uacfc\uac70 \uc8fc\ub3c4\uc8fc\ub97c \ubaa8\ub450 \ud655\uc778\ud560 \uc218 \uc788\uc2b5\ub2c8\ub2e4.'); return; } location.href = '?date=' + dates[nextIdx]; }); document.getElementById('nextDate').addEventListener('click', () => { if (idx > 0) location.href = '?date=' + dates[idx - 1]; }); if (idx >= dates.length - 1) document.getElementById('prevDate').disabled = true; if (idx <= 0) document.getElementById('nextDate').disabled = true; (function(){ const dd = document.querySelector('.title-dropdown'); if (!dd) return; const btn = dd.querySelector('.title-dropdown-btn'); btn.addEventListener('click', e => { e.stopPropagation(); dd.classList.toggle('open'); }); document.addEventListener('click', () => dd.classList.remove('open')); })();",todaytop15,2026-07-18 17:47:09
2026-07-16,15:20,1,한화오션,조선/에너지,1.7,26.6조,"5,324억",3,,트럼프 대통령의 해외 건조 선박 구매 가능성 발언에 따라 조선업체들에 대한 긍정적 기대감. / 미국과의 협력 가능성에 대한 기대감이 고조되며 조선 테마 전체의 상승세.,todaytop15,browser-login
2026-07-16,15:20,2,온코닉테라퓨틱스,바이오/헬스케어,6.2,"6,625억","1,221억",3,,자큐보의 국내 처방 성장과 해외 허가 진행이 주목받으며 투자 기대감 상승. / 네수파립의 전이성 췌장암 완전관해 및 장기 생존 데이터가 긍정적으로 작용한 호재.,todaytop15,browser-login
2026-07-16,15:20,3,케이뱅크,가상자산/STO,3.2,2.6조,867억,3,,인터넷은행 업황 기대감과 금리 상승으로 인한 수익성 개선 전망. / 코픽스 상승에 따른 은행주 동반 강세로 투자 매력 증가.,todaytop15,browser-login
2026-07-16,15:20,4,SK이노베이션,정유/화학#배터리/2차전지,1.1,20.6조,"3,367억",2,,윤활유 사업의 최대 실적 기대감에 따른 상승세. / 2분기 깜짝 실적 전망에 따른 투자자 관심 증가.,todaytop15,browser-login
2026-07-16,15:20,5,SK텔레콤,금융/지주/밸류업,1.5,19.2조,"1,811억",2,,AI 데이터센터 구축 속도의 가속화로 인한 성장 기대감. / 2분기 호실적 발표에 따른 긍정적 시장 반응.,todaytop15,browser-login
2026-07-16,15:20,6,현대약품,,3.5,"2,406억","1,837억",1,,이 대통령의 '미프진 도입' 언급에 따른 기대감. / 임신중절 약물 관련 정책 변화 가능성에 대한 긍정적 전망.,todaytop15,browser-login
2026-07-16,15:20,7,삼성공조,,4.9,"1,102억","1,056억",1,,냉각 수혜주로 부각되며 시장의 주목을 받은 점이 상승 요인. / 유럽과 중동의 폭염으로 인한 냉방·공조 시스템의 수요 증가 기대감.,todaytop15,browser-login
2026-07-16,15:20,8,모나리자,,8.7,794억,263억,0,,마스크 테마 상승세에 따른 주가 상승 기대감. / 정부의 저출생 대응 정책 확대 기대감.,todaytop15,browser-login
2026-07-16,15:20,9,HD한국조선해양,조선/에너지,1.6,25.0조,892억,0,,연이은 수주 공시로 인한 사업 확장 기대감. / 트럼프의 한국 조선업체에 대한 긍정적 발언에 따른 협력 기대감.,todaytop15,browser-login
2026-07-16,15:20,10,삼성화재,은행/보험,1.3,30.8조,925억,0,,강북삼성병원과의 '라이프케어 이노베이션 센터' 공동 설립 발표에 따른 기대감. / 2분기 예상 실적이 시장 컨센서스를 크게 상회하는 호실적 전망.,todaytop15,browser-login
2026-07-16,15:20,11,깨끗한나라,저출산/재택,8.6,727억,159억,0,52주 최대 거래량,마스크 테마 상승세에 따른 기대감 / 공공생리대 지원 시범 사업 공급사 선정에 의한 호재,todaytop15,browser-login
2026-07-16,15:20,12,삼익제약,바이오/헬스케어,8.7,557억,157억,0,,탈모 치료제 관련 정책 모멘텀으로 인한 주목. / 중증원형탈모치료제 건강보험 급여 약가 협상 타결에 따른 시장 확대 기대감.,todaytop15,browser-login
2026-07-16,15:20,13,모나미,,3.9,737억,"1,015억",0,"52주 신고가, 52주 최대 거래량",일본 제품 불매운동 테마로 인한 투자 유입. / 상장폐지 위기 극복을 위한 애국 테마의 매수세.,todaytop15,browser-login
2026-07-16,15:20,14,씨피시스템,,3.4,"1,217억",756억,0,,중국 최대 D램 기업 CXMT에 이어 국내 글로벌 반도체 클린룸 진입 소식에 따른 기대감. / 반도체 클린룸 진입을 통한 글로벌 시장 확장 가능성.,todaytop15,browser-login
2026-07-16,15:20,15,HD현대중공업,조선/에너지,0.7,50.6조,"1,927억",0,,중속엔진 생산능력 확장 전망 및 상선 수주 목표 초과 달성 기대감. / 최근 데이터 센터 관련 수주로 인한 사업 다각화 및 경쟁력 강화 전망.,todaytop15,browser-login
2026-07-15,15:20,1,SK하이닉스,반도체/소부장,1.8,1489.5조,19.2조,3,,미국 반도체 랠리와 ADR 27% 급등에 따른 투자 심리 개선. / 글로벌 메모리 반도체 시장 내 경쟁력 강화 기대감.,todaytop15,browser-login
2026-07-15,15:20,2,삼성전자,반도체/소부장,1.2,1634.0조,10.5조,3,,미국 반도체주 반등에 따른 긍정적 영향으로 메모리 반도체 수요 증가 기대감. / AI 메모리 기술 발전과 관련된 기대감 상승.,todaytop15,browser-login
2026-07-15,15:20,3,한미반도체,반도체/소부장,5.8,25.7조,1.2조,3,,2분기 역대 최대 매출을 기록하며 어닝 서프라이즈를 달성한 실적 호재. / HBM 관련 시장에서의 강력한 수요 증가로 인한 성장 기대감.,todaytop15,browser-login
2026-07-15,15:20,4,SK스퀘어,반도체/소부장,3.2,182.5조,1.9조,2,,SK하이닉스의 미국 ADR 급등으로 인한 지분가치 상승 기대감. / SK하이닉스의 반도체 랠리로 인한 기업가치 재평가 전망.,todaytop15,browser-login
2026-07-15,15:20,5,삼성전기,기판/전자부품,2.4,105.8조,2.1조,2,,반도체주 반등과 함께 기판 관련주의 강세에 따른 기대감. / AI 반도체 동맹을 통한 사업 확장 전망.,todaytop15,browser-login
2026-07-15,15:20,6,HLB,,5.8,4.6조,"1,481억",1,,간암 신약의 FDA 승인 우려 해소 소식으로 인한 기대감. / FDA 제조시설 지적사항 해소 소식에 따른 긍정적 전망.,todaytop15,browser-login
2026-07-15,15:20,7,대덕전자,광학/광통신#기판/전자부품,4.3,7.1조,"2,515억",1,,AI 서버와 고성능 컴퓨팅 확대로 인한 HBM 및 첨단 패키징 수요 증가. / AI 반도체 분야에서의 고부가 PCB에 대한 기대감 증폭.,todaytop15,browser-login
2026-07-15,15:20,8,제주반도체,반도체/소부장,4.2,3.1조,"3,468억",0,,반도체 대형주 훈풍에 따른 소부장 관련주의 동반 상승 기대감. / 온디바이스 AI 테마 상승세로 인한 추가적인 상승 기대감.,todaytop15,browser-login
2026-07-15,15:20,9,원익IPS,반도체/소부장,2.5,9.7조,"6,024억",0,,중국 비전옥스 XR 디스플레이 핵심 공정 장비 수주로 인한 기대감. / 메모리와 파운드리 투자가 동시에 열리는 구간으로 인한 수혜 전망. / 주성엔지니어링,todaytop15,browser-login
2026-07-15,15:20,10,펩트론,바이오/헬스케어,3.6,3.0조,"1,574억",0,,차세대 비만당뇨 치료제 공동연구가 정상 진행 중인 점에 따른 기대감. / 자사주 매입을 통한 경영진의 책임 경영 의지 표명.,todaytop15,browser-login
2026-07-15,15:20,11,LIG디펜스앤에어로스페이스,,2.7,16.7조,"1,250억",0,,방산 및 우주항공 분야의 지속적인 성장 모멘텀에 따른 기대감. / CIA 한국담당 출신의 미국법인 이동 소식으로 인한 글로벌 사업 확장 기대감.,todaytop15,browser-login
2026-07-15,15:20,12,SK,,1.7,44.4조,"2,000억",0,,"SK하이닉스, 미국 나스닥 상장 ADR 급등으로 투자자 관심 증가. / 반도체 업종의 글로벌 회복세와 맞물린 긍정적 투자 심리 형성.",todaytop15,browser-login
2026-07-15,15:20,13,SK이노베이션,정유/화학#배터리/2차전지,2.2,19.7조,"1,502억",0,,SK온의 성장 기대감으로 인한 주가 상승 기대감. / 미국 데이터센터 수요 증가에 따른 이차전지 수요 강세 전망.,todaytop15,browser-login
2026-07-15,15:20,14,삼성SDI,배터리/2차전지,1.2,36.7조,"4,133억",0,,AI 데이터센터로 인한 ESS 수요 증가 기대감. / 2H26 실적 흑자전환 기대.,todaytop15,browser-login
2026-07-20,15:20,1,삼천당제약,바이오/헬스케어,29.8,5.6조,657억,3,,경구용 비만·당뇨 치료제 관련 美 FDA 'Pre-ANDA' 답변서 수령 소식. / 혁신적인 경구용 세마글루타이드 개발 절차 확인 기대감.,todaytop15,2026-07-20 22:16:57
2026-07-20,15:20,2,로킷헬스케어,바이오/헬스케어,23.7,"9,493억","1,138억",3,,AI 장기재생 시장 공략 속도에 따른 기대감. / 美 AMA 재생의학 CPT 코드 확대 수혜 기대.,todaytop15,2026-07-20 22:16:57
2026-07-20,15:20,3,SK이터닉스,신재생#ESS#수소,7.5,1.9조,"4,098억",3,,국제유가 급등으로 인해 신재생에너지 주식에 대한 투자심리가 개선된 결과. / 신재생에너지 시장에서의 경쟁력 강화에 대한 기대감.,todaytop15,2026-07-20 22:16:57
2026-07-20,15:20,4,레몬헬스케어,바이오/헬스케어,29.9,933억,594억,2,,레몬헬스케어의 코스닥 상장과 의료데이터 AI 사업 확장 기대감. / 상장 이후 주목받는 의료데이터 중계 및 유통 인프라 구축 전망.,todaytop15,2026-07-20 22:16:57
2026-07-20,15:20,5,한울반도체,반도체/소부장,23.4,"1,087억",668억,2,,AI 기반 MLCC 전수검사 시스템 개발 소식에 따른 기술 혁신 기대감. / 검사 플랫폼 양산 협의 개시로 인해 시장에서의 제품 상용화 가능성 부각.,todaytop15,2026-07-20 22:16:57
2026-07-20,15:20,6,현대힘스,조선/에너지,13.6,"4,897억","1,185억",1,,트럼프의 조선 협력 발언에 따른 조선주 강세에 힘입어 상승 기대감. / 항만크레인 사업 본궤도 진입을 통한 고부가 설비 기업으로의 도약 전망.,todaytop15,2026-07-20 22:16:57
2026-07-20,15:20,7,흥구석유,유가,11.7,"2,013억","1,232억",1,,국제유가가 90달러를 돌파하며 상승에 대한 기대감. / 미-이란 갈등으로 인한 지정학적 리스크가 부각되며 윤활유 테마 상승세.,todaytop15,2026-07-20 22:16:57
2026-07-20,15:20,8,한일사료,식량자원,14.9,"1,091억",694억,0,,사료 테마 상승세에 따른 시장 관심 증가. / 관련 산업 내 경쟁력 강화 기대감.,todaytop15,2026-07-20 22:16:57
2026-07-20,15:20,9,고려산업,식량자원,30.0,592억,163억,0,,사료 테마 상승세에 따른 수혜 기대감. / 식량 위기 우려 속 안정적 공급망 보유 평가.,todaytop15,2026-07-20 22:16:57
2026-07-20,15:20,10,기가레인,통신장비/6G,13.8,"1,091억",763억,0,,한국항공우주연구원과의 우주부품 개발 계약 체결에 따른 기대감. / 우주 핵심부품 국산화 착수로 인한 기술 경쟁력 강화 전망.,todaytop15,2026-07-20 22:16:57
2026-07-20,15:20,11,가비아,보안#데이터센터,29.9,"5,912억",43억,0,역사적 신고가,맥쿼리의 공개매수 및 자진 상장폐지 추진 소식에 따른 주가 상승 기대감. / 하이퍼스케일 데이터센터 플랫폼 구축을 위한 전략적 파트너십 체결에 따른 사업 확대 전망.,todaytop15,2026-07-20 22:16:57
2026-07-20,15:20,12,미래생명자원,식량자원,29.8,538억,141억,0,,흑해 곡물운반선 피격으로 인한 국제 곡물값 상승 우려에 따른 사료 관련주 상승 기대감. / 중동 지역의 긴장 고조로 인한 식량 인플레이션 우려에 따른 투자자 관심 증가.,todaytop15,2026-07-20 22:16:57
2026-07-20,15:20,13,손오공,,30.0,398억,109억,0,52주 최대 거래량,애국 매수에 따른 투자자들의 관심 증가. / 손오공아이비 흡수합병을 통한 재무구조 개선 기대감.,todaytop15,2026-07-20 22:16:57
2026-07-20,15:20,14,삼익제약,바이오/헬스케어,12.6,627억,710억,0,,청년 탈모 관련 건강보험 적용 정책 모멘텀에 의한 기대감. / 장기지속형 주사제 플랫폼 기술 특허 등록에 따른 성장동력 부각.,todaytop15,2026-07-20 22:16:57
2026-07-20,15:20,15,샘씨엔에스,반도체/소부장,7.1,"9,400억",359억,0,,HBM용 프로브카드 수요 증가와 세라믹 STF 설비 풀가동에 따른 성장 기대감. / 지속적인 탑라인 성장과 수익성 방어로 인한 긍정적 전망.,todaytop15,2026-07-20 22:16:57
2026-07-21,15:20,1,삼성전자,반도체/소부장,6.6,1520.0조,7.9조,3,,반도체 실적 기대감에 따른 강세. / 삼성의 로봇 사업 본격 진출 기대감.,todaytop15,2026-07-21 22:01:16
2026-07-21,15:20,2,SK하이닉스,반도체/소부장,4.9,1319.2조,12.2조,3,,반도체 실적 기대감에 따른 투자 심리 회복. / IT 대표주 테마 상승세로 인한 주가 상승 기대감.,todaytop15,2026-07-21 22:01:16
2026-07-21,15:20,3,SK스퀘어,반도체/소부장,6.9,166.0조,1.1조,3,,SK하이닉스의 지분 가치 재평가로 인한 긍정적 기대감. / 주주환원 정책 강화 및 적극적인 M&A 전망에 대한 기대감.,todaytop15,2026-07-21 22:01:16
2026-07-21,15:20,4,삼성물산,건설/주택/토목#금융/지주/밸류업,8.3,55.8조,"2,420억",2,,스마트빌딩 로봇 협력으로 인한 사업 확장 기대감 / 반도체 관련 테마 상승세에 따른 긍정적 효과,todaytop15,2026-07-21 22:01:16
2026-07-21,15:20,5,삼성전기,기판/전자부품,3.6,98.7조,1.2조,2,,AI 서버향 초소형·고용량 MLCC 쇼티지에 대한 밸류체인 전반의 공감대 형성. / MLCC 대규모 수주 공시로 인한 High End MLCC 수요 증가 기대감.,todaytop15,2026-07-21 22:01:16
2026-07-21,15:20,6,레인보우로보틱스,로봇,9.7,8.0조,"1,438억",1,,피지컬 AI 및 휴머노이드 로봇 테마의 상승세에 따른 기대감. / 삼성과의 협력으로 인한 로봇 사업 확장 전망.,todaytop15,2026-07-21 22:01:16
2026-07-21,15:20,7,PS일렉트로닉스,전력설비,29.9,"3,106억",419억,1,,AI 서버 사업이 기업가치의 큰 변곡점이 될 전망 / SMCI 파트너십을 통한 1000억 AI 서버 계약 체결 호재,todaytop15,2026-07-21 22:01:16
2026-07-21,15:20,8,코스모로보틱스,로봇,30.0,"4,387억",318억,0,,소아용 재활로봇의 미국 시장 진출 계획 발표에 따른 기대감. / 로봇 산업 내 기술적 우위와 글로벌 시장 확장 가능성에 대한 긍정적 전망.,todaytop15,2026-07-21 22:01:16
2026-07-21,15:20,9,LS ELECTRIC,전력설비,6.1,28.5조,"1,933억",0,,세계 최초 100% 직류 배전 공장 가동으로 인한 전력 사업 강화 기대감. / 2분기 신규 수주 2조 원을 웃돌며 목표가 상향 조정된 전망.,todaytop15,2026-07-21 22:01:16
2026-07-21,15:20,10,스모트로닉,,30.0,"1,232억",451억,0,52주 최대 거래량,블랙스톤의 퓨트로닉 인수 발표에 따른 긍정적 시장 반응. / 오트로닉의 스모트로닉 주식 추가 매입에 따른 신뢰 상승.,todaytop15,2026-07-21 22:01:16
2026-07-21,15:20,11,삼성생명,은행/보험#금융/지주/밸류업,5.0,30.4조,"2,443억",0,,전자 지분과 계열사의 핵심 역할이 부각되며 투자자들의 관심 집중. / 연결 자회사의 실적 호조 기대감에 따른 긍정적 전망. / NAVER,todaytop15,2026-07-21 22:01:16
2026-07-21,15:20,12,달바글로벌,화장품,9.2,3.0조,790억,0,,러시아 B2B 발주 및 북미/유럽 매출 호조로 매출 성장 기대감. / 고마진 B2B 매출 비중 확대로 인한 주가 재상승 기대감.,todaytop15,2026-07-21 22:01:16
2026-07-21,15:20,13,LG전자,로봇,3.5,28.2조,"2,748억",0,,본업의 수익성 개선과 관세 환급 효과로 2분기 영업이익 컨센서스 47% 상회. / AI 데이터센터 및 로봇 사업의 성장 기대감 강화.,todaytop15,2026-07-21 22:01:16
2026-07-21,15:20,14,삼성SDI,배터리/2차전지,3.7,33.5조,"1,899억",0,,AI 데이터센터향 ESS 수요 급증 기대감. / 2분기 배터리 부문 적자폭 축소로 소폭의 흑자전환 예상.,todaytop15,2026-07-21 22:01:16
2026-07-22,15:20,1,레인보우로보틱스,로봇,16.3,9.3조,"5,258억",3,,삼성전자의 '로봇 전담 조직' 신설 소식으로 인한 협업 기대감. / 에스피지의 감속기 단독 납품과 RX사업추진실 신설에 따른 사업 강화 기대감.,todaytop15,2026-07-22 09:41:44
2026-07-22,15:20,2,에스피지,로봇,24.6,1.8조,"3,168억",3,,레인보우로보틱스에 감속기 단독 납품 및 RX사업추진실 신설에 따른 기대감. / 국내 유일의 휴머노이드 정밀 감속기 Full Line-Up과 관련한 강력한 시장 경쟁력.,todaytop15,2026-07-22 09:41:44
2026-07-22,15:20,3,SK이터닉스,신재생#ESS#수소,10.7,2.1조,"8,528억",3,,미국과 이란의 충돌 격화로 인한 홍해 봉쇄 위험 증가로 국제유가 급등에 따른 에너지주 강세 기대감. / 태양광 및 LNG 관련 대미투자 1호로 선정되면서 미국 사업 진출에 대한 긍정적 전망.,todaytop15,2026-07-22 09:41:44
2026-07-22,15:20,4,가온전선,전력설비,16.0,3.5조,"2,216억",2,,북미 전력 케이블 시장에서의 기반 확보와 데이터센터 사업 기회 증가에 따른 성장 기대감. / 미국 수출 확대에 힘입어 반기 기준 최대 실적 달성에 따른 호재.,todaytop15,2026-07-22 09:41:44
2026-07-22,15:20,5,현대모비스,로봇#자동차/부품#금융/지주/밸류업,7.0,46.5조,"3,944억",2,,로봇/차세대 차량부품 일정 순항과 제조부문 적자 축소에 따른 기대감. / 그룹 로봇 양산 준비 본격화에 따른 동사의 전략적 중요도 부각.,todaytop15,2026-07-22 09:41:44
2026-07-22,15:20,6,SK텔레콤,금융/지주/밸류업,10.1,20.1조,"2,137억",1,,AI 글래스 '레이밴 메타' 출시로 인한 혁신적인 제품 라인업 강화 기대감. / 효성ITX와의 2527억원 코로케이션 계약으로 인한 수익성 개선 기대감.,todaytop15,2026-07-22 09:41:44
2026-07-22,15:20,7,삼성전기,기판/전자부품,3.0,100.8조,1.7조,1,,AI 서버향 초소형·고용량 MLCC 쇼티지에 대한 밸류체인 전반의 공감대 형성. / MLCC 대규모 수주 공시로 인한 시장의 긍정적 전망.,todaytop15,2026-07-22 09:41:44
2026-07-22,15:20,8,LG전자,로봇,5.7,29.8조,"5,326억",0,,엔비디아와의 '피지컬 AI' 협력 기대감이 시장에서 긍정적으로 작용. / 신사업 본격화에 따른 밸류에이션 리레이팅 기대감.,todaytop15,2026-07-22 09:41:44
2026-07-22,15:20,9,로보티즈,로봇,11.9,3.2조,"2,294억",0,,삼성전자 로봇 사업 강화에 따른 로봇 산업 전반의 성장 기대감. / 제조 AI 시대의 핵심 경쟁력 확보를 위한 로봇 Data 플랫폼 진화 전망.,todaytop15,2026-07-22 09:41:44
2026-07-22,15:20,10,현대차,로봇#자동차/부품,4.3,85.2조,"5,687억",0,,휴머노이드 성장 기대감에 따른 투자자들의 관심 증가. / 친환경차 전환 기대감 속에서의 긍정적 전망.,todaytop15,2026-07-22 09:41:44
2026-07-22,15:20,11,삼성전자,반도체/소부장,0.8,1525.9조,9.1조,0,,미국 기술주 강세에 따른 반도체주 상승 호재. / 대표 직속 로봇사업 조직 신설에 따른 미래 성장 동력 기대감.,todaytop15,2026-07-22 09:41:44
2026-07-22,15:20,12,삼현,로봇#방산#자동차/부품,24.6,1.1조,542억,0,,로봇 액추에이터 AXLON 출시와 관련된 기대감. / 글로벌 휴머노이드 기업으로부터의 부품 시제품 수주 성공에 따른 긍정적 전망.,todaytop15,2026-07-22 09:41:44
2026-07-22,15:20,13,GS건설,재건#건설/주택/토목#원전,13.3,2.5조,"1,008억",0,,원자력발전 테마 상승세에 따른 수혜 기대감 / 데이터센터와 원전 개발 사업의 모멘텀 강화 전망,todaytop15,2026-07-22 09:41:44
2026-07-22,15:20,14,두산,반도체/소부장,7.4,19.5조,"1,515억",0,,두산에너빌리티는 가스터빈 수요의 견조한 성장 전망이 주가 상승의 주요 요인으로 작용. / 두산로보틱스는 삼성전자의 로봇 사업 강화 기대감에 따라 시장에서 주목받는 상황.,todaytop15,2026-07-22 09:41:44
2026-07-22,15:20,15,현대오토에버,로봇#자율주행#자동차/부품,7.0,11.1조,"1,518억",0,,차량 소프트웨어 경쟁력 강화 기대감. / 실적 기대감 속의 긍정적 전망.,todaytop15,2026-07-22 09:41:44
2026-07-23,15:20,1,SK하이닉스,반도체/소부장,4.0,1357.0조,11.4조,3,,알파벳의 AI 투자 확대 소식으로 반도체 수요 증가 기대감. / 반도체 산업 내 AI 중심 기술 발전에 대한 긍정적 전망.,todaytop15,2026-07-23 09:40:30
2026-07-23,15:20,2,SK이터닉스,신재생#ESS#수소,30.0,2.7조,1.4조,3,역사적 신고가,국제 유가 급등으로 인해 신재생 에너지에 대한 투자 심리가 강화되며 긍정적 전망. / 해상풍력 사업 참여로 인한 추가적인 성장 기대감.,todaytop15,2026-07-23 09:40:30
2026-07-23,15:20,3,삼성전자,반도체/소부장,3.5,1575.6조,6.4조,3,,알파벳의 AI 투자 확대에 따른 반도체 수요 증가 기대감. / 2분기 실적 발표에서의 긍정적 전망과 목표주가 상향 조정.,todaytop15,2026-07-23 09:40:30
2026-07-23,15:20,4,LS ELECTRIC,전력설비,17.0,33.5조,"5,166억",2,,알파벳의 AI 투자 지속에 따른 전력설비주 동반 강세. / 2분기 연결 영업이익 전년 대비 64% 증가에 따른 실적 호조.,todaytop15,2026-07-23 09:40:30
2026-07-23,15:20,5,삼성전기,기판/전자부품,7.7,108.2조,1.4조,2,,글로벌 대형기업과의 3000억 규모 AI 서버용 MLCC 공급계약 체결 호재. / AI 서버향 초소형·고용량 MLCC 수요 증가에 따른 시장 기대감.,todaytop15,2026-07-23 09:40:30
2026-07-23,15:20,6,OCI홀딩스,자산가치#페브로스카이트#신재생,30.0,34.4조,"6,823억",1,,자회사 OCI의 흑자전환 기대감에 따른 투자심리 개선. / 태양광 에너지 테마 상승세에 대한 긍정적 기대감. / NAVER ⭐,todaytop15,2026-07-23 09:40:30
2026-07-23,15:20,7,HD현대에너지솔루션,페브로스카이트#신재생,29.9,1.9조,"1,571억",0,,국제유가 급등으로 인해 신재생에너지 관련주에 대한 투자심리 강화. / 태양광 사업의 확장성과 성장 가능성에 대한 긍정적 전망.,todaytop15,2026-07-23 09:40:30
2026-07-23,15:20,8,지엔씨에너지,데이터센터,30.0,"7,492억","2,358억",0,"역사적 신고가, 52주 최대 거래량",AI 데이터센터 수혜로 전례 없는 성장 기대감 / 증권가의 호평에 따른 긍정적 전망,todaytop15,2026-07-23 09:40:30
2026-07-23,15:20,9,알테오젠,바이오/헬스케어,14.4,16.4조,"2,482억",0,,Keytruda SC 상업화에 따른 수익 기반 구축과 후속 제품의 글로벌 임상 진입에 따른 포트폴리오 다변화. / 코스피 이전상장 추진 잠정 유보와 30% 무상증자 결정에 따른 주주가치 제고 기대감.,todaytop15,2026-07-23 09:40:30
2026-07-23,15:20,10,삼성SDI,배터리/2차전지,11.1,37.5조,"2,744억",0,,임원 보고서 발표로 인한 배터리 성장 기대감. / 차세대 배터리 기술 개발에 대한 긍정적 전망.,todaytop15,2026-07-23 09:40:30
2026-07-23,15:20,11,SK이노베이션,정유/화학#배터리/2차전지,11.7,22.4조,"2,967억",0,,윤활유 최대 실적과 정유 사업의 호조로 2분기 실적 컨센서스를 상회할 것으로 예상되는 호재. / 정유 및 윤활유 사업의 강력한 성과에 기반한 기업 가치 상승 전망.,todaytop15,2026-07-23 09:40:30
2026-07-23,15:20,12,삼성E&A,재건#조선/에너지,12.7,9.1조,"3,214억",0,,첨단산업 및 뉴에너지 사업 수주 성과에 따른 기대감. / 2분기 영업이익 51% 증가에 따른 실적 호조 전망.,todaytop15,2026-07-23 09:40:30
2026-07-23,15:20,13,GS건설,재건#건설/주택/토목#원전,17.2,2.9조,"2,550억",0,,동해 데이터센터 2.4GW 수주 기대감이 매출 도약 전망으로 이어지는 중. / 주택 사이클 재개에 따른 밸류에이션 상향과 직접적 수혜 전망.,todaytop15,2026-07-23 09:40:30
2026-07-23,15:20,14,SK오션플랜트,신재생#조선/에너지,19.7,1.1조,"2,114억",0,,해상풍력 하부구조물의 핵심 공급자로서 시장 내 입지 강화 기대감. / 부유식 해상풍력 시장 진입과 관련된 긍정적 전망.,todaytop15,2026-07-23 09:40:30
2026-07-24,15:20,1,삼성바이오로직스,바이오/헬스케어,10.1,70.3조,"4,149억",3,,상반기 영업이익 1조원 돌파로 인한 호실적 발표. / 글로벌 펩타이드 CDMO 인수로 사업 영역 확장 기대감.,todaytop15,2026-07-24 09:37:58
2026-07-24,15:20,2,현대힘스,조선/에너지,22.0,"5,643억","2,989억",3,52주 최대 거래량,친환경 선박 시장 진출과 관련된 성장 가능성 부각. / 코스닥150 편입 소식에 따른 투자자 관심 증가.,todaytop15,2026-07-24 09:37:58
2026-07-24,15:20,3,위닉스,,29.9,877억,276억,3,,제습기 판매 2배 폭증과 공장 풀가동에 따른 장마·폭염 수혜. / 제습기 테마 상승세에 따른 주목.,todaytop15,2026-07-24 09:37:58
2026-07-24,15:20,4,SK오션플랜트,신재생#조선/에너지,6.0,1.1조,"3,823억",2,,220조 규모의 한·미 조선협력 본격화에 따른 수혜 기대감. / 미 해군과의 MRO 협력 이력에 대한 긍정적 평가.,todaytop15,2026-07-24 09:37:58
2026-07-24,15:20,5,LIG디펜스앤에어로스페이스,,3.6,16.8조,"2,463억",2,,미-이란 간 지정학적 긴장감 고조로 방산주 재평가. / 중동 리스크 재부각에 따른 방산 수요 증가 기대감.,todaytop15,2026-07-24 09:37:58
2026-07-24,15:20,6,HLB,,4.8,4.2조,"2,033억",1,,담관암 치료제의 9월말 FDA 승인 기대감. / 리라푸그라티닙 FDA 심사 순항 소식.,todaytop15,2026-07-24 09:37:58
2026-07-24,15:20,7,메리츠금융지주,은행/보험,5.6,20.6조,627억,1,,금융업종 전반의 강세에 따른 상승 기대감. / 수급 개선에 대한 기대감 고조.,todaytop15,2026-07-24 09:37:58
2026-07-24,15:20,8,셀트리온,바이오/헬스케어,3.1,41.3조,"1,766억",0,,신규 바이오시밀러 제품의 성공적인 시장 출시로 인한 수익성 개선 기대감. / 하반기 실적 향상에 대한 긍정적 전망 및 컨센서스 상회 실적 발표에 따른 투자자 신뢰 증대.,todaytop15,2026-07-24 09:37:58
2026-07-24,15:20,9,파세코,,13.7,"1,344억",556억,0,,유럽의 폭염으로 창문형 에어컨의 수요 증가 기대감. / 제습기 테마 상승세에 따른 주가 상승 요인.,todaytop15,2026-07-24 09:37:58
2026-07-24,15:20,10,한화에어로스페이스,우주항공#방산,2.0,50.4조,"3,048억",0,,중동 지역의 긴장 고조와 미국 방산주 급등에 따른 긍정적 영향. / 미-이란 확전 상황에서 방산주 전반의 강세가 반영된 호재.,todaytop15,2026-07-24 09:37:58
2026-07-24,15:20,11,일승,조선/에너지,29.9,"1,263억",71억,0,,조선기자재 테마 상승세에 따른 투자자 관심 집중. / LNG 재기화 설비 강자로서 글로벌 조선 슈퍼사이클 수혜 기대감.,todaytop15,2026-07-24 09:37:58
2026-07-24,15:20,12,HLB제약,,10.7,"2,929억",538억,0,,담도암치료제의 9월 FDA 허가 기대감에 따른 투자심리 개선. / 신공장 건설과 R&D 강화로 인한 성장 투자 본격화.,todaytop15,2026-07-24 09:37:58
2026-07-24,15:20,13,휴림에이텍,,23.3,415억,179억,0,,AI 방산로봇 시장 진출 본격화에 의한 기대감. / 로봇사업 인수 완료로 반도체 및 완성차 공정 강화 전망.,todaytop15,2026-07-24 09:37:58
2026-07-24,15:20,14,유한양행,바이오/헬스케어,4.3,5.9조,885억,0,,렉라자 유럽 출시 마일스톤 450억원 발생에 따른 실적 개선 기대감. / 4253억원 규모의 자사주 소각 결정에 따른 주주환원 기대감.,todaytop15,2026-07-24 09:37:58
2026-07-24,15:20,15,고려산업,식량자원,10.1,569억,682억,0,52주 최대 거래량,이란 휴전제안 거절로 인한 중동 전면전 위기 속 홍해 봉쇄에 따른 곡물 수급 불안 우려. / 사료 테마 상승세에 따른 수혜 기대감.,todaytop15,2026-07-24 09:37:58
2026-07-27,15:20,1,SK하이닉스,반도체/소부장,3.5,35.4조,1.4조,3,,AI 협력 기대감과 메모리 확보 경쟁 본격화 기대감. / 미국 ADR 상장에 따른 밸류에이션 리레이팅 기대감. / NAVER ⭐⭐⭐,todaytop15,2026-07-27 10:51:54
2026-07-27,15:20,2,삼성전자,반도체/소부장,1.8,1485.0조,7.4조,3,,AI 협력 기대감에 따른 시장의 긍정적 반응. / 2분기 실적 발표 기대감에 의한 긍정적 전망.,todaytop15,2026-07-27 10:51:54
2026-07-27,15:20,3,가온칩스,로직반도체,28.2,"6,084억",733억,2,,시스템반도체 테마 상승세에 따른 시장 관심 증가 / 글로벌 AI 반도체 기업과 대규모 계약 체결 기대감,todaytop15,2026-07-27 10:51:54
2026-07-27,15:20,4,현대무벡스,로봇,13.4,2.4조,"1,444억",2,,스마트팩토리 및 로봇 기술 발전에 따른 산업 내 수요 증가 기대감. / 현대엘리베이터의 지분 매각으로 인한 주주환원 확대 기대감.,todaytop15,2026-07-27 10:51:54
2026-07-27,15:20,5,우리금융지주,은행/보험,7.5,24.1조,"1,792억",1,,1500억원 규모의 자사주 매입 및 소각 발표에 따른 주주가치 제고 기대감. / 2분기 호실적과 주주환원 정책 강화에 따른 긍정적 전망.,todaytop15,2026-07-27 10:51:54
2026-07-27,15:20,6,씨피시스템,,29.9,"1,481억",672억,1,,중국 창신반도체 상장 첫날 470% 상승에 따른 반도체용 특수 케이블체인 공급 확대 기대감. / 반도체 산업 내 공급망 확장에 따른 구조적 성장 전망.,todaytop15,2026-07-27 10:51:54
2026-07-27,15:20,7,펩트론,바이오/헬스케어,13.9,3.0조,676억,0,,자사주 1만주 장내 매수로 책임경영 강화 기대감. / 스위스 디바이오팜과 MUC1 ADC 공동연구 착수 소식.,todaytop15,2026-07-27 10:51:54
2026-07-27,15:20,8,미래산업,반도체/소부장,24.9,"2,655억",345억,0,역사적 거래량,중국 최대 D램 업체 CXMT의 상장 첫날 급등으로 인해 검사장비 공급 이력이 부각된 기대감. / 액면분할 거래 재개로 인한 주식 유동성 증가에 따른 긍정적 전망.,todaytop15,2026-07-27 10:51:54
2026-07-27,15:20,9,셀바스AI,소프트웨어#의료AI,18.1,7.0조,"1,988억",0,,AI 챗봇(챗GPT 등) 테마의 상승세에 따른 기대감. / 대통령의 AI 혁명 출사표로 인한 핵심 AI 기술력 부각. / 주성엔지니어링,todaytop15,2026-07-27 10:51:54
2026-07-27,15:20,10,코오롱티슈진,바이오/헬스케어,6.7,1.4조,"2,500억",0,52주 최대 거래량,임상 3상 실패 이후 과매도 인식에 따른 반등 기대감. / 악재를 딛고 주가 회복 가능성에 대한 시장의 긍정적 전망.,todaytop15,2026-07-27 10:51:54
2026-07-27,15:20,11,삼양식품,소비재/유통/서비스,6.2,9.2조,"1,176억",0,,2분기 실적 발표를 앞두고 라면 수출 성장 기대감이 높아지는 상황. / K-라면의 글로벌 시장 확장에 따른 긍정적 전망.,todaytop15,2026-07-27 10:51:54
2026-07-27,15:20,12,삼성에스디에스,데이터센터#가상자산/STO,4.1,16.9조,"2,276억",0,,디지털 전환 가속화에 대한 기대감. / AI 데이터센터 사업 확대에 따른 수익성 개선 전망.,todaytop15,2026-07-27 10:51:54
2026-07-27,15:20,13,레인보우로보틱스,로봇,5.5,8.6조,"1,434억",0,,삼성전자와의 로봇 개발 협업 소식에 따른 기대감 / 투모로로보틱스와의 AI 기반 휴머노이드 개발 협력 추진에 따른 긍정적 전망,todaytop15,2026-07-27 10:51:54
2026-07-28,15:20,1,케이엔알시스템,로봇#원전,21.8,"1,946억",900억,3,,휴머노이드 로봇손 개발 성공 및 최대 악력 300kg 기술력에 대한 시장의 긍정적 반응. / 신기술 도입으로 인해 로봇 산업 내 경쟁력을 강화할 가능성에 대한 기대감.,todaytop15,2026-07-28 09:58:32
2026-07-28,15:20,2,펩트론,바이오/헬스케어,10.3,3.3조,569억,3,,릴리와의 공동 연구 및 차세대 비만 치료제 개발에 대한 기대감. / 2공장 확장으로 인한 생산 능력 증가 전망.,todaytop15,2026-07-28 09:58:32
2026-07-28,15:20,3,셀바스AI,소프트웨어#의료AI,11.8,"2,425억","1,459억",3,,의료진 전용 플랫폼과의 협력 및 메디보이스 채널 확대에 따른 AI 의료 플랫폼 강화 기대감. / 코스닥150 신규 편입을 통한 투자 매력도 증가 전망.,todaytop15,2026-07-28 09:58:32
2026-07-28,15:20,4,뉴엔AI,,29.9,848억,114억,2,,대기업이 선택한 데이터 분석 기술의 미국 출시 기대감. / 35억 규모의 K-뷰티 AI 플랫폼 개발 착수에 따른 시장 관심 집중.,todaytop15,2026-07-28 09:58:32
2026-07-28,15:20,5,파마리서치,화장품#미용,3.1,4.0조,"1,772억",2,,리쥬란 제품의 글로벌 확장과 화장품 사업의 지속적인 성장 기대감. / 미국 화장품 제조사 인수로 인한 현지 생산 및 물류 체계 강화 전망.,todaytop15,2026-07-28 09:58:32
2026-07-28,15:20,6,마음AI,소프트웨어,14.9,775억,219억,1,,국내 최초 '피지컬AI 데이터팩토리' 개소를 통해 산업 학습 데이터 생산 인프라 구축 강화. / LG전자와의 협력으로 피지컬 AI 두뇌 개발에 박차를 가하며 미래 로봇 시장 선점 기대감.,todaytop15,2026-07-28 09:58:32
2026-07-28,15:20,7,세아메카닉스,배터리/2차전지,9.3,"1,012억",527억,1,,초정밀 기술을 활용한 로봇 사업 확장으로 삼성 로봇 핵심거점에서의 역할 기대감. / 상반기 매출 711억 달성으로 작년 연매출의 83%를 이미 달성한 실적 호조.,todaytop15,2026-07-28 09:58:32
2026-07-28,15:20,8,코스모로보틱스,로봇,3.9,"4,829억","1,689억",0,,소아용 재활로봇의 미국 시장 진출 계획 발표에 따른 기대감. / 웨어러블 로봇 분야에서의 글로벌 시장 선점 가능성 확대.,todaytop15,2026-07-28 09:58:32
2026-07-28,15:20,9,셀리드,,30.0,524억,31억,0,,항암면역치료백신에 적용된 NK세포 관련 기술의 미국 특허 등록 결정에 따른 기술력 인정 기대감. / 항암백신 기술수출 가능성에 대한 기대감.,todaytop15,2026-07-28 09:58:32
2026-07-28,15:20,10,메드팩토,바이오/헬스케어,29.9,"1,193억",18억,0,,바이오·우선주 랠리 속에서 메드팩토의 상한가 기록. / MP010의 글로벌 기술이전 논의 활발에 따른 기대감.,todaytop15,2026-07-28 09:58:32
2026-07-28,15:20,11,아이씨에이치,,29.9,346억,30억,0,,삼성전자 폴더블폰에 소재 공급 확정 소식에 따른 기대감. / 삼성과 애플에 폴더블폰 핵심 소재를 단독 공급하는 기업 경쟁력 부각.,todaytop15,2026-07-28 09:58:32
2026-07-28,15:20,12,폴라리스AI,소프트웨어,8.3,758억,379억,0,,"폴라리스AI, 중국 유비테크와의 파트너십을 통해 한국 시장에서 휴머노이드 로봇 사업 총괄 추진 기대감. / 산업통상부 국가과제 선정으로 온디바이스 AI 플랫폼 개발과 피지컬 AI 시장 진출 기반 마련 호재.",todaytop15,2026-07-28 09:58:32
2026-07-28,15:20,13,파이온엑스,,29.8,186억,27억,0,,파이온엑스의 상한가 기록은 최근 액면병합 주권 변경상장으로 매매 거래가 재개되면서 주목받은 결과입니다. / 종속회사 뉴프라이드홍콩에 대한 대여 연장 결정이 투자자들의 긍정적 반응을 이끌어낸 요소입니다.,todaytop15,2026-07-28 09:58:32
2026-07-28,15:20,14,오브젠,소프트웨어,10.3,412억,236억,0,,네이버발 AI 기대감에 따른 주가 상승 기대감. / 삼성·LG·네이버가 선택한 AI 플랫폼 기술력 조명.,todaytop15,2026-07-28 09:58:32
2026-07-28,15:20,15,포톤,양자기술,30.0,308억,18억,0,,전고체 열전소자 기반의 새로운 냉각 신사업 추진 기대감. / AI 및 전기차 열관리 솔루션으로 시장 확장 전망.,todaytop15,2026-07-28 09:58:32
2026-07-29,15:20,1,에스피지,로봇,20.1,1.8조,"3,309억",3,,미국의 중국 로봇 수입 금지 조치에 따른 국내 로봇 기업의 반사이익 기대감. / 휴머노이드 정밀 감속기와 액추에이터 분야에서의 경쟁력 강화 기대감.,todaytop15,2026-07-29 10:00:05
2026-07-29,15:20,2,현대무벡스,로봇,12.9,2.6조,"1,686억",3,,스마트팩토리 테마의 상승세에 힘입어 주가 상승 기대감. / 물류 자동화 및 스마트팩토리 솔루션을 통한 구조적 경쟁력 강화.,todaytop15,2026-07-29 10:00:05
2026-07-29,15:20,3,티엑스알로보틱스,로봇,21.7,"2,094억",986억,3,,미국의 중국산 휴머노이드 로봇 수입 금지 발표에 따른 수혜 기대감. / 로봇 산업 내 경쟁력 강화와 글로벌 시장 확대 전망.,todaytop15,2026-07-29 10:00:05
2026-07-29,15:20,4,매드업,,29.8,"1,113억",342억,2,,2분기 연결 영업이익이 전년 대비 126% 증가한 호실적 발표. / AI 기반 마케팅 솔루션의 경쟁력 강화에 따른 시장 기대감.,todaytop15,2026-07-29 10:00:05
2026-07-29,15:20,5,엔젤로보틱스,로봇#원격의료,29.9,"3,179억",136억,2,,피지컬 AI 신기술 공개에 따른 기대감. / 피지컬 AI용 액추에이터 모듈 '팩트' 양산·보급 개시.,todaytop15,2026-07-29 10:00:05
2026-07-29,15:20,6,파마리서치,화장품#미용,4.7,4.1조,"2,361억",1,,리쥬란 의료기기 및 화장품 수출 호조로 인한 실적 컨센서스 상회 전망. / 미국 화장품 제조사 CG USA 인수로 글로벌 확장 가속화 기대감.,todaytop15,2026-07-29 10:00:05
2026-07-29,15:20,7,나우로보틱스,로봇,16.4,"1,813억",323억,1,,미국의 중국산 로봇 수입 금지로 국내 로봇 산업에 반사이익 기대감. / 휴머노이드 로봇 핵심부품 원천특허 확보에 따른 기술 경쟁력 강화 전망.,todaytop15,2026-07-29 10:00:05
2026-07-29,15:20,8,삼현,로봇#방산#자동차/부품,9.9,1.1조,424억,0,,삼현의 로봇 액추에이터 'AXLON'의 첫 공개와 글로벌 휴머노이드 기업에서의 부품 시제품 수주 소식에 따른 기대감. / 로봇 액추에이터 풀라인업 구성과 양산 수주 여부 확인 필요에 따른 시장의 관심 증가.,todaytop15,2026-07-29 10:00:05
2026-07-29,15:20,9,삼양식품,소비재/유통/서비스,2.9,9.2조,"2,809억",0,,"중동전쟁 영향 없이 2분기 영업이익이 전년 대비 49.3% 증가한 1,793억원으로 추정되는 실적 호조 전망. / 비용 부담 대신 매출 성장에 집중하여 견조한 매출 성장을 통해 단기 비용 부담을 상쇄할 것으로 예상되는 긍정적 전망.",todaytop15,2026-07-29 10:00:05
2026-07-29,15:20,10,셀트리온,바이오/헬스케어,1.6,41.9조,"4,863억",0,,"2분기 영업이익 4,300억 원을 기록하며 역대 최대 실적을 달성한 긍정적 성과. / 신제품의 시장 약진과 견조한 이익 성장세 전망에 따른 기대감.",todaytop15,2026-07-29 10:00:05
2026-07-29,15:20,11,달바글로벌,화장품,3.7,3.3조,"1,853억",0,역사적 신고가,브라질과의 K뷰티 협력 강화 발언에 따른 기대감. / 북미 및 유럽 중심의 글로벌 유통망 확장 기대감.,todaytop15,2026-07-29 10:00:05
2026-07-29,15:20,12,코스모로보틱스,로봇,5.7,"5,186억","1,541억",0,,미국의 중국 로봇 수입 금지 조치에 따른 수혜 기대감. / 미국 FDA 인증 획득 소식으로 인한 신뢰도 상승.,todaytop15,2026-07-29 10:00:05
2026-07-29,15:20,13,아이크래프트,,19.9,634억,141억,0,,네이버클라우드와의 대규모 공급 계약 체결로 인한 매출 성장 기대감. / AI 컴퓨팅 파워 필수 시대에 초고속 네트워크 수주 모멘텀 부각.,todaytop15,2026-07-29 10:00:05
2026-07-29,15:20,14,다날,가상자산/STO#엔터/음원,6.5,"3,347억",910억,0,,글로벌 혁신기구 '에이전틱 AI 재단' 공식 합류로 AI 결제 표준 구축 기대감. / 일본 JPYC 실사용 결제 추진을 통한 글로벌 디지털자산 결제 시장 공략 전망.,todaytop15,2026-07-29 10:00:05
2026-07-29,15:20,15,레인보우로보틱스,로봇,2.2,7.9조,"2,441억",0,,피지컬 AI와 휴머노이드 로봇 테마의 상승세에 따른 기대감. / 미국의 중국 로봇 수입 금지령으로 인한 로봇 산업 전반의 긍정적 전망.,todaytop15,2026-07-29 10:00:05
2026-07-30,15:20,1,HD한국조선해양,조선/에너지,9.6,26.0조,"1,670억",3,,2분기 어닝 서프라이즈로 인한 실적 호조. / 미국 프레이저와의 조선소 현대화 사업 협약 체결에 따른 기대감.,todaytop15,2026-07-30 09:45:17
2026-07-30,15:20,2,한화에어로스페이스,우주항공#방산,6.7,44.6조,"2,548억",3,,미국과 이란 간 충돌 재개에 따른 방산주 강세 영향. / 방위산업 테마의 상승세에 따른 긍정적 전망.,todaytop15,2026-07-30 09:45:17
2026-07-30,15:20,3,LG생활건강,화장품,10.3,4.3조,"2,338억",3,,북미 시장에서의 실적 개선으로 인한 2분기 영업이익 증가. / 증권사들의 목표주가 상향 조정에 따른 투자자들의 기대감 부각.,todaytop15,2026-07-30 09:45:17
2026-07-30,15:20,4,셀트리온,바이오/헬스케어,4.8,43.9조,"4,478억",2,,'CT-P55'의 미국 FDA 허가 신청과 오리지널과의 동등성 입증 완료에 따른 긍정적 기대감. / 신약 개발 역량 강화로 인한 글로벌 시장 확대 기대감.,todaytop15,2026-07-30 09:45:17
2026-07-30,15:20,5,LG에너지솔루션,배터리/2차전지,6.3,74.8조,"1,706억",2,,장주기 ESS용 소듐전지 기술 검증 및 상용화 논의 진행으로 인한 기대감. / 구글 최대 태양광·ESS 사업에 수천억 규모 배터리 공급으로 인한 수주 호재.,todaytop15,2026-07-30 09:45:17
2026-07-30,15:20,6,아모레퍼시픽,화장품,9.4,7.8조,"1,519억",1,,2분기 연결 영업이익이 전년 대비 59% 증가하며 실적 개선 기대감. / 경기 안성 공장 매각 추진으로 자산 운영 효율화 기대감.,todaytop15,2026-07-30 09:45:17
2026-07-30,15:20,7,금호건설,건설/주택/토목,30.0,"3,536억",385억,1,,광주 반도체 국가산단 후보지 지정에 따른 기대감. / SOC 및 호남 반도체 클러스터 투자에 대한 기대감.,todaytop15,2026-07-30 09:45:17
2026-07-30,15:20,8,한화오션,조선/에너지,5.1,24.0조,"3,073억",0,,2분기 호실적 발표에 따른 긍정적 반응. / 조선3사의 전반적인 실적 개선에 대한 기대감.,todaytop15,2026-07-30 09:45:17
2026-07-30,15:20,9,KB금융,은행/보험#금융/지주/밸류업,3.9,59.0조,"2,715억",0,,실적과 주주환원 기대감에 따른 긍정적 전망. / 금융주 동반 강세에 따른 긍정적 분위기.,todaytop15,2026-07-30 09:45:17
2026-07-30,15:20,10,레몬헬스케어,바이오/헬스케어,29.9,714억,496억,0,,'레몬헬스케어'에 대한 최신 DB를 찾을 수 없습니다.,todaytop15,2026-07-30 09:45:17
2026-07-30,15:20,11,SK이노베이션,정유/화학#배터리/2차전지,5.9,19.6조,"1,205억",0,,미·이란 충돌 격화로 인한 유가 상승에 따른 정유 산업의 수익성 개선 기대감. / 올해 영업이익 사상 최대치 예측에 따른 긍정적 전망.,todaytop15,2026-07-30 09:45:17
2026-07-30,15:20,12,서산,,30.0,841억,317억,0,,호남 반도체 인프라 구축 사업의 수혜 기대감. / 지역 내 주요 프로젝트 참여로 인한 성장 전망.,todaytop15,2026-07-30 09:45:17
2026-07-30,15:20,13,금호타이어,자동차/부품,8.4,1.7조,"1,596억",0,,호남 반도체 클러스터 수혜주로 금호타이어의 광주공장 부지 가치 상승 기대감. / 유럽 첫 생산 공장 착공으로 글로벌 시장 확장 가속화 전망.,todaytop15,2026-07-30 09:45:17
2026-07-30,15:20,14,삼성중공업,조선/에너지,4.9,17.9조,"1,765억",0,,조선3사의 호실적 발표로 인해 조선업 전반에 대한 긍정적 기대감이 형성되며 상승 모멘텀. / LNG선 관련 수주 증가와 미국과의 조선 재건 협력 강화로 인한 추가 상승 기대감.,todaytop15,2026-07-30 09:45:17
2026-07-30,15:20,15,포스코퓨처엠,배터리/2차전지,6.3,11.5조,814억,0,,2분기 영업이익이 269억 원으로 흑자전환에 성공하며 수익성 개선 기대감. / 전년 대비 3352% 증가한 연결 영업이익 발표에 따른 실적 호조 전망.,todaytop15,2026-07-30 09:45:17
2026-07-31,15:20,1,SK하이닉스,반도체/소부장,29.9,1255.0조,27.8조,3,,미국 기술주 폭등과 AI 랠리에 따른 반도체 섹터 전반의 긍정적 영향. / 최태원의 대규모 매수 소식에 따른 투자 심리 개선.,todaytop15,2026-07-31 10:00:34
2026-07-31,15:20,2,삼성전자,반도체/소부장,28.0,1549.3조,24.4조,3,,미국 기술주의 폭등에 따른 AI 관련주 상승 기대감. / 최근 급락 후 반등세로 인한 투자 매력도 증가.,todaytop15,2026-07-31 10:00:34
2026-07-31,15:20,3,SK스퀘어,반도체/소부장,29.9,137.0조,1.6조,3,,미국 반도체 시장의 호조와 AI 산업 성장에 따른 긍정적 기대감. / 최태원 회장의 장내 매수 소식에 대한 긍정적 반응.,todaytop15,2026-07-31 10:00:34
2026-07-31,15:20,4,삼성전기,기판/전자부품,29.9,85.3조,1.4조,2,,AI 수요 증가와 관련된 긍정적 전망에 따른 수혜 기대감. / 2분기 실적 어닝 서프라이즈로 인한 긍정적 반응.,todaytop15,2026-07-31 10:00:34
2026-07-31,15:20,5,한미반도체,반도체/소부장,28.0,20.4조,"8,225억",2,,미국 반도체주 급반등에 따른 긍정적 영향 / 후공정 생태계 지배력 강화 및 TC 본더 수요 증가 기대감,todaytop15,2026-07-31 10:00:34
2026-07-31,15:20,6,LS ELECTRIC,전력설비,22.8,27.7조,"5,593억",1,,전력 인프라 투자 기대감에 따른 주가 상승 기대감. / 반도체 산업의 긍정적 흐름에 따른 전기장비 수요 증가 전망.,todaytop15,2026-07-31 10:00:34
2026-07-31,15:20,7,효성중공업,전력설비,27.9,22.6조,"3,348억",1,,반도체 업황 회복에 따른 전력기기 수요 증가 기대감. / AI 관련 투자 심리 회복에 따른 전력기기주 강세.,todaytop15,2026-07-31 10:00:34
2026-07-31,15:20,8,삼성물산,건설/주택/토목#금융/지주/밸류업,18.7,56.6조,"4,095억",0,,건설사 시공능력평가에서 13년 연속 1위를 기록하며 업계 내 경쟁력 강화 기대감. / 삼성전자 지분 가치 상승과 주주 환원 확대에 따른 긍정적 재평가 전망.,todaytop15,2026-07-31 10:00:34
2026-07-31,15:20,9,두산,반도체/소부장,29.1,18.8조,"2,004억",0,,SK실트론 인수 기대감으로 인한 주가 상승. / 전자BG의 호실적에 따른 긍정적 전망.,todaytop15,2026-07-31 10:00:34
2026-07-31,15:20,10,SK,데이터센터,18.9,40.4조,"2,867억",0,,미국 반도체 시장의 긍정적 흐름에 따른 투자 기대감. / 최태원 회장의 장내 매수 소식에 따른 신뢰도 상승.,todaytop15,2026-07-31 10:00:34
2026-07-31,15:20,11,LG이노텍,기판/전자부품#폴더블/모바일,20.1,5.8조,"2,944억",0,,엔비디아와의 피지컬 AI 협력 재부각으로 인한 기술 협력 기대감. / 반도체 기판 사업의 강력한 성장 전망. / 주성엔지니어링,todaytop15,2026-07-31 10:00:34
2026-07-31,15:20,12,현대차,로봇#자동차/부품,10.5,79.4조,"6,832억",0,,자체 배터리 공장 핵심장비 반입 시작에 따른 전기차 생산 확대 기대감 / 2분기 매출 역대 최대 기록에 따른 시장 신뢰 회복 전망,todaytop15,2026-07-31 10:00:34
2026-07-31,15:20,13,원익IPS,반도체/소부장,28.1,4.8조,"1,960억",0,,반도체 장비주 동반 급등에 따른 투자 심리 개선. / 코스닥 반도체주 전반의 강세에 따른 수혜 기대감.,todaytop15,2026-07-31 10:00:34
2026-07-31,15:20,14,에스피지,로봇,24.0,2.1조,"4,108억",0,,휴머노이드 로봇 관절용 'AI 기반 고장 허용 제어' 특허 출원으로 기술력 강화 기대감. / 로봇 액추에이터 'SDD' 9월 양산 돌입으로 매출 확대 전망.,todaytop15,2026-07-31 10:00:34
2026-08-03,15:20,1,에스피지,로봇,14.7,2.4조,"7,235억",3,,미국의 중국산 로봇 규제에 따른 국내 로봇 산업 수혜 기대감. / 삼성전자의 로봇 사업 가속화와의 협력으로 정밀감속기 수요 증가 전망.,todaytop15,2026-08-03 10:52:18
2026-08-03,15:20,2,펩트론,바이오/헬스케어,30.0,3.9조,835억,3,,월 1회 비만약의 한국 공급망 완성단계 진입 가능성에 대한 기대감. / 비만 치료제 관련 기술력과 공급망 구축에 대한 긍정적 전망.,todaytop15,2026-08-03 10:52:18
2026-08-03,15:20,3,삼성전기,기판/전자부품,3.3,88.1조,2.5조,3,,2분기 호실적에 따른 긍정적 영향. / MLCC 공급 부족과 장기 공급 계약(LTA) 기대감.,todaytop15,2026-08-03 10:52:18
2026-08-03,15:20,4,로보티즈,로봇,16.7,3.1조,"2,361억",2,,미국의 중국산 로봇 수입 규제로 인해 국내 로봇주에 대한 긍정적 전망. / 피지컬 AI와 휴머노이드 로봇 테마의 상승세에 따른 기대감.,todaytop15,2026-08-03 10:52:18
2026-08-03,15:20,5,코스모로보틱스,로봇,20.8,"5,776억","3,154억",2,,미국의 외국산 로봇 수입 규제로 인해 로봇주 전반에 대한 긍정적 분위기 형성. / 삼성발 이슈에 따른 산업 내 전반적인 기대감.,todaytop15,2026-08-03 10:52:18
2026-08-03,15:20,6,원익홀딩스,,30.0,1.5조,763억,1,,미국의 중국산 로봇 규제와 삼성의 로봇 투자 기대감에 의한 주가 상승 기대감. / 로봇 산업에서의 경쟁력 강화와 관련된 투자 확대 전망.,todaytop15,2026-08-03 10:52:18
2026-08-03,15:20,7,티엑스알로보틱스,로봇,29.9,"2,696억",962억,1,,물류 자동화 라인업 확대와 미국의 중국산 로봇 규제로 인한 반사수혜 기대감. / 루프형 틸트 트레이 소터 개발로 고속 분류 자동화 대응 강화.,todaytop15,2026-08-03 10:52:18
2026-08-03,15:20,8,셀바스AI,소프트웨어#의료AI,23.3,"2,681억","1,158억",0,,인천공항 안내로봇에 AI 음성기술 탑재로 인한 기술 혁신 기대감. / 의료 및 모빌리티 AI 사업 확장 가속화에 따른 성장 전망.,todaytop15,2026-08-03 10:52:18
2026-08-03,15:20,9,태성,기판/전자부품,20.5,1.1조,698억,0,,반도체 기판(FC-BGA/PCB/MLB 등) 테마 상승세에 따른 기대감. / 차세대 반도체 기판 시장 진입 확대에 따른 긍정적 전망.,todaytop15,2026-08-03 10:52:18
2026-08-03,15:20,10,파마리서치,화장품#미용,9.6,3.9조,"1,306억",0,,리쥬란 브랜드의 지속적인 글로벌 확장과 관련된 긍정적 전망. / 강릉 제5공장 착공을 통한 생산시설 확대 기대감.,todaytop15,2026-08-03 10:52:18
2026-08-03,15:20,11,지엔씨에너지,데이터센터,13.5,"6,835억","1,285억",0,,KT와 755억 규모 데이터센터 발전기 공급 계약 체결 소식에 의한 기대감. / SGC AI Infra 군산 데이터센터의 발전기 수주 확보에 따른 사업 확장 전망.,todaytop15,2026-08-03 10:52:18
2026-08-03,15:20,12,레인보우로보틱스,로봇,5.5,8.9조,"2,892억",0,,미국의 외국산 로봇 수입 규제에 따른 국내 로봇 산업의 경쟁력 부각. / 국내 로봇 생태계에서 중국산 대체 수요 증가 기대감.,todaytop15,2026-08-03 10:52:18
2026-08-03,15:20,13,디앤디파마텍,바이오/헬스케어,12.1,2.6조,715억,0,,MASH 치료제의 임상 2상에서 섬유화 개선 효과가 확인되어 기술수출 기대감이 커짐. / FAP 타깃 방사성의약품 'PMI07'의 미국 특허 등록으로 글로벌 시장 진출 가능성 확대.,todaytop15,2026-08-03 10:52:18
2026-08-03,15:20,14,두산,반도체/소부장,5.1,19.9조,"1,886억",0,,SK실트론 인수를 통한 소부장 밸류체인 확보로 반도체 사업 확장 기대감. / 수소경제 재조명 속 두산퓨얼셀의 시장 주목도 상승.,todaytop15,2026-08-03 10:52:18
2026-08-03,15:20,15,테크윙,반도체/소부장,11.5,1.7조,777억,0,,HBM 검사장비 증설과 관련된 국민성장펀드의 500억 저리대출 지원 소식. / SK하이닉스와의 HBM 검사장비 공급 계약 체결로 인한 기대감.,todaytop15,2026-08-03 10:52:18
2026-08-04,15:20,1,지엔씨에너지,데이터센터,22.1,"8,438억","3,836억",3,"역사적 신고가, 52주 최대 거래량",328억 규모의 데이터센터 가스터빈 발전기 공급 계약 체결에 따른 수주 호재. / 데이터센터 관련 사업 확장으로 인한 성장 기대감.,todaytop15,2026-08-04 10:01:17
2026-08-04,15:20,2,SK텔레콤,데이터센터#금융/지주/밸류업,11.7,19.7조,"3,563억",2,,AIDC 사업 확대와 독자 AI 파운데이션 모델 2차 평가 돌입 소식에 의한 기대감. / AI 사업 성장과 AIDC 얼라이언스 참여에 따른 긍정적 전망.,todaytop15,2026-08-04 10:01:17
2026-08-04,15:20,3,LIG디펜스앤에어로스페이스,방산,14.9,17.7조,"1,834억",2,,장보고-III 배치-II 3번함 전자전체계 상세설계검토 완료에 따른 방산 기술력 강화 기대감. / 방산 시장 내 지속적 성장과 기술력 기반의 수주 확대 전망.,todaytop15,2026-08-04 10:01:17
2026-08-04,15:20,4,한화에어로스페이스,우주항공#방산,9.6,51.9조,"2,528억",1,,세계 최초 중무인전투차량 개발 소식에 따른 기술 혁신 기대감. / 2분기 영업이익 감소에도 불구하고 방산 부문에서의 강력한 성장 전망.,todaytop15,2026-08-04 10:01:17
2026-08-04,15:20,5,알테오젠,바이오/헬스케어,10.1,18.7조,"3,073억",1,,'키트루다SC' 판매 증가에 따른 연간 3000억 원 로열티 가능성. / 피하주사 제형 전환 플랫폼의 상업화 진행에 따른 기대감.,todaytop15,2026-08-04 10:01:17
2026-08-04,15:20,6,두산에너빌리티,원전,7.8,2.5조,"1,457억",0,,SMR 세제 지원 정책 발표에 따른 긍정적 영향 기대감. / 빌 게이츠의 방한 소식에 따른 원전 산업 주목 호재. / GS건설,todaytop15,2026-08-04 10:01:17
2026-08-04,15:20,7,SK스퀘어,반도체/소부장,3.4,139.9조,1.3조,0,,SK하이닉스의 미국 상장 소식으로 인한 지분 가치 재평가 기대감. / 자사주 소각을 통한 주주가치 제고 노력.,todaytop15,2026-08-04 10:01:17
2026-08-04,15:20,8,OCI홀딩스,자산가치#페브로스카이트#신재생,13.5,4.2조,"2,240억",0,,미국 태양광 공급망 확대에 따른 수혜 기대감. / 정부의 태양광 산업 활성화 정책에 대한 기대감.,todaytop15,2026-08-04 10:01:17
2026-08-04,15:20,9,대우건설,건설/주택/토목#원전,14.3,6.2조,"1,363억",0,,2분기 연결 영업이익이 전년 대비 182% 증가하며 어닝 서프라이즈 기록. / 주택 실적 개선으로 인한 실적 호조 전망.,todaytop15,2026-08-04 10:01:17
2026-08-04,15:20,10,대주전자재료,페브로스카이트#우주항공#배터리/2차전지,17.2,1.3조,"1,568억",0,,스페이스X 우주 태양전지 전극재료 양산 개시로 국내 유일 공급 레코드 확보 기대감. / 우주 태양전지 분야에서의 독점적 공급자 위치가 주목받고 있는 상황.,todaytop15,2026-08-04 10:01:17
2026-08-04,15:20,11,삼성SDI,배터리/2차전지,7.3,33.7조,"2,502억",0,,배전망 ESS 배터리 첫 수주전에서의 완승으로 인한 성장 기대감. / 2분기 실적 발표에서 예상치 이상의 깜짝 흑자 달성에 따른 긍정적 전망.,todaytop15,2026-08-04 10:01:17
2026-08-04,15:20,12,GS,조선/에너지,14.5,9.0조,786억,0,52주 신고가,지주사 저평가 해소 기대감에 따른 긍정적 전망. / 지속가능경영보고서 발간에 따른 ESG 평가 개선 기대감.,todaytop15,2026-08-04 10:01:17
2026-08-05,15:20,1,SK하이닉스,반도체/소부장,6.7,1228.7조,10.2조,3,,AI 메모리 수요 증가와 관련된 성장성 부각 기대감. / 전쟁 긴장 완화 및 미국 반도체주 랠리에 따른 긍정적 분위기.,todaytop15,2026-08-05 09:59:46
2026-08-05,15:20,2,삼성전기,기판/전자부품,13.7,100.6조,2.4조,3,,테슬라 로보택시에 카메라 공급 소식으로 인한 기대감. / AI 성장 모멘텀 회복에 따른 수혜 기대감.,todaytop15,2026-08-05 09:59:46
2026-08-05,15:20,3,삼성전자,반도체/소부장,3.0,1445.5조,9.1조,3,,전쟁 긴장 완화와 AI 랠리에 따른 반도체 산업 회복 기대감. / 뉴로모픽 반도체 테마 상승세에 따른 기술 혁신 기대감.,todaytop15,2026-08-05 09:59:46
2026-08-05,15:20,4,SK스퀘어,반도체/소부장,6.2,148.6조,1.1조,2,,SK하이닉스 지분 가치 재평가에 따른 기대감. / 자사주 소각을 통한 주주가치 제고 노력.,todaytop15,2026-08-05 09:59:46
2026-08-05,15:20,5,LG이노텍,기판/전자부품#폴더블/모바일,14.3,1.9조,"4,788억",2,,테슬라 로보택시 카메라 공급 소식에 따른 기대감. / MSCI 한국 지수 편입 기대감. / 대한광통신 ⭐,todaytop15,2026-08-05 09:59:46
2026-08-05,15:20,6,효성중공업,전력설비,13.0,28.0조,"2,628억",1,,AI 데이터센터 수요 증가에 따른 전력 인프라 확장 기대감. / AI 전력주로서의 강력한 경쟁력과 시장 수혜 전망.,todaytop15,2026-08-05 09:59:46
2026-08-05,15:20,7,두산퓨얼셀,수소,22.4,2.3조,"1,735억",0,,1087억원 규모의 SOFC 연료전지 Stack 공급 계약 체결에 대한 기대감. / SOFC 연료전지 기술력과 대형 계약을 통한 성장 가능성 강화.,todaytop15,2026-08-05 09:59:46
2026-08-05,15:20,8,LG전자,로봇,8.6,29.3조,"4,197억",0,,2분기 영업이익 147% 증가와 엔비디아 등과의 로보틱스 협력으로 인한 긍정적 실적 전망. / 1000억원 규모의 자사주 매입 조기 완료에 따른 주주 가치 제고 기대감.,todaytop15,2026-08-05 09:59:46
2026-08-05,15:20,9,마키나락스,로봇,29.9,"5,291억","1,322억",0,,HD한국조선해양과의 용접 로봇 '피지컬AI' 프로젝트 협력 기대감. / AI 기술을 활용한 조선 해양 산업 혁신 가능성 부각.,todaytop15,2026-08-05 09:59:46
2026-08-05,15:20,10,대원전선,전력설비,11.9,1.2조,"6,702억",0,,AI 관련 전력 수요 증가에 따른 전선주의 강세. / 외국인 투자자의 매수세로 인한 긍정적 영향.,todaytop15,2026-08-05 09:59:46
2026-08-05,15:20,11,한화솔루션,페브로스카이트#신재생,13.4,5.2조,"2,314억",0,,김동관 부회장의 유상증자 참여 소식에 따른 투자자 신뢰 강화. / 실적 개선 기대감에 의한 긍정적 전망.,todaytop15,2026-08-05 09:59:46
2026-08-05,15:20,12,코오롱티슈진,바이오/헬스케어,18.1,1.6조,"1,824억",0,,코오롱티슈진은 'TG-C' 임상 3상 실패 이후에도 재도전을 통해 긍정적인 시장 반응을 이끌어내고 있음. / 두 번째 임상 3상 결과 분석을 외부 CRO에 위탁하며 신뢰성 회복 기대감.,todaytop15,2026-08-05 09:59:46
2026-08-05,15:20,13,LS ELECTRIC,전력설비,7.9,31.9조,"2,746억",0,,AI 데이터센터 수요 증가에 따른 전력설비 수요 확대 기대감. / AI 데이터센터 관련 수주 증가에 따른 실적 개선 전망.,todaytop15,2026-08-05 09:59:46
2026-08-05,15:20,14,빛과전자,광학/광통신,29.9,"3,257억",811억,0,,미국 정부의 중국 부품 수입 금지법 추진에 따른 광통신주 강세 전망. / AI 데이터센터의 전력난 해결을 위한 고효율 광모듈 수요 폭증 기대감.,todaytop15,2026-08-05 09:59:46
2026-08-06,15:20,1,고려아연,희토류#철강금속,12.2,25.6조,"1,629억",3,,상반기 역대 최대 실적 발표에 의한 주가 상승 기대감. / 귀금속(금/은) 테마 상승세에 따른 호재.,todaytop15,2026-08-06 10:01:52
2026-08-06,15:20,2,온코닉테라퓨틱스,바이오/헬스케어,22.6,"7,256억","1,566억",3,,위식도역류질환 신약 '자큐보'의 인도 품목허가 획득에 따른 글로벌 상업화 첫 성과 기대감. / 해외 시장 진출을 통한 매출 증대 및 시장 점유율 확대 전망.,todaytop15,2026-08-06 10:01:52
2026-08-06,15:20,3,매드업,,29.9,"1,869억","1,189억",3,,AI 마케팅 솔루션의 글로벌 시장 공략 기대감 / 2026 하반기 신규상장 테마 상승세에 의한 호재,todaytop15,2026-08-06 10:01:52
2026-08-06,15:20,4,인바디,의료기기#바이오/헬스케어,23.1,"9,410억",660억,2,역사적 신고가,비만치료제 열풍과 함께 중국 및 북미 시장 공략 강화 기대감. / 글로벌 빅파마와의 협력으로 인한 시장 점유율 확대 전망.,todaytop15,2026-08-06 10:01:52
2026-08-06,15:20,5,알테오젠,바이오/헬스케어,6.0,15.7조,"4,009억",2,,글로벌 제약사와의 5200억원 규모의 기술수출 계약 체결로 플랫폼 경쟁력 입증. / 플랫폼 경쟁력 강화에 따른 시장 기대감.,todaytop15,2026-08-06 10:01:52
2026-08-06,15:20,6,LG생활건강,화장품,10.6,4.8조,"1,295억",1,52주 신고가,북미 시장에서의 매출이 중국을 추월하며 해외 사업 성과를 크게 개선한 점. / 2분기 영업이익이 전년 대비 88% 증가하며 시장 기대치를 상회한 실적 발표.,todaytop15,2026-08-06 10:01:52
2026-08-06,15:20,7,에이피알,화장품#미용,6.0,14.2조,"3,003억",1,,역대 최대 분기 실적 달성에 따른 긍정적 시장 반응. / 연매출 목표 3조 원 상향으로 인한 성장 기대감.,todaytop15,2026-08-06 10:01:52
2026-08-06,15:20,8,금호타이어,자동차/부품,7.2,2.3조,"2,956억",0,52주 신고가,콘티넨탈과의 협력을 통한 타이어프로 매장에서의 멀티브랜드 전략 강화 기대감. / 2분기 영업이익 증가와 전망치 상회에 따른 긍정적 실적 호재.,todaytop15,2026-08-06 10:01:52
2026-08-06,15:20,9,클로봇,로봇,10.7,"8,007억","1,589억",0,,정부의 로봇산업 육성 정책 발표로 인한 긍정적 기대감. / 클로봇의 로봇 SI 기업으로의 진화와 관련 기술 파트너십 확대.,todaytop15,2026-08-06 10:01:52
2026-08-06,15:20,10,한화에어로스페이스,우주항공#방산,4.1,54.0조,"2,010억",0,,세계 최초 중무인전투차량 개발 추진에 따른 기술적 우위 기대감. / NATO 방위산업포럼 참가로 인한 국제 방산 협력 강화 전망.,todaytop15,2026-08-06 10:01:52
2026-08-06,15:20,11,아로마티카,,29.9,"1,126억",304억,0,,2분기 영업이익 103% 증가에 따른 어닝 서프라이즈. / 상반기 호실적에 기반한 긍정적 전망.,todaytop15,2026-08-06 10:01:52
2026-08-06,15:20,12,마키나락스,로봇,7.4,"5,682억","2,793억",0,,전동 액추에이터 1위 공장에 AI 도입으로 제조 효율성 개선 기대감. / 상반기 해외 수주 2배 증가로 글로벌 피지컬 AI 수요 확대 전망.,todaytop15,2026-08-06 10:01:52
2026-08-06,15:20,13,JW신약,바이오/헬스케어,16.2,2.8조,"2,300억",0,,탈모 치료제의 건강보험 적용 검토 소식에 따른 기대감. / 외국인 투자자들의 관심 증가에 따른 매수세 유입. / GS건설,todaytop15,2026-08-06 10:01:52
2026-08-06,15:20,14,엘앤씨바이오,미용,10.0,1.7조,474억,0,,ECM 스킨부스터 '리투오'의 탈모 치료 가능성 부각 및 두피 환경 재생에 대한 기대감. / 폐기물관리법 개정으로 지방 ECM 선점 전략에 따른 수혜 기대.,todaytop15,2026-08-06 10:01:52
2026-08-07,15:20,1,한화솔루션,페브로스카이트#신재생,10.5,5.8조,"6,763억",3,,미국의 폴리실리콘 관세 부과로 인한 태양광 산업 내 반사이익 기대감. / 태양광 관련주 강세에 따른 시장의 긍정적 전망.,todaytop15,2026-08-07 08:32:01
2026-08-07,15:20,2,삼성전기,기판/전자부품,3.7,95.2조,1.9조,3,,AI 부품 수요 증가에 따른 기대감. / MLCC 대형 수주에 따른 성장 기대감.,todaytop15,2026-08-07 08:32:01
2026-08-07,15:20,3,삼성SDI,배터리/2차전지,7.6,37.0조,"4,872억",3,,2차전지 산업의 강세로 인한 긍정적 전망. / 반도체 시장의 회복에 따른 긍정적 영향.,todaytop15,2026-08-07 08:32:01
2026-08-07,15:20,4,OCI홀딩스,자산가치#페브로스카이트#신재생,9.6,5.0조,"5,480억",2,,미국의 태양광 관세 반사이익 기대감이 태양광주에 긍정적인 영향을 미침. / 미국의 폴리실리콘 관세 규제로 인한 태양광 산업 내 경쟁우위 기대감.,todaytop15,2026-08-07 08:32:01
2026-08-07,15:20,5,SK이노베이션,정유/화학#배터리/2차전지,10.4,20.3조,"2,211억",2,,2차전지 관련주 전반적인 상승으로 인한 긍정적인 시장 분위기. / 배터리 사업부의 실적 호조와 함께 에너지 사업 다각화 전략에 대한 기대감.,todaytop15,2026-08-07 08:32:01
2026-08-07,15:20,6,엘앤에프,배터리/2차전지,13.2,3.7조,"1,908억",1,,2분기 흑자 전환과 LFP 공급 본격화에 따른 성장 기대감 / 북미 신규 수요 증가에 대한 긍정적 평가,todaytop15,2026-08-07 08:32:01
2026-08-07,15:20,7,LG전자,로봇,5.4,30.1조,"5,613억",1,,엔비디아와의 협력 강화로 로보틱스 사업 확대 기대감. / 2분기 영업이익 147% 증가에 따른 실적 개선 호재.,todaytop15,2026-08-07 08:32:01
2026-08-07,15:20,8,S-Oil,,10.4,15.5조,913억,0,,최근 2분기 실적 발표에서 정제마진과 윤활유 사업의 강세로 영업이익 흑자전환 기록. / 하나증권의 목표가 상향 조정과 사상 최대 영업이익 도전 전망.,todaytop15,2026-08-07 08:32:01
2026-08-07,15:20,9,광전자,광학/광통신#자율주행,14.4,"4,502억","1,725억",0,,마이크로 LED 국산화 주도로 독보적 기술력을 통한 시장 선도 기대감. / 광반도체 시장 성장과 AI 시대 핵심 부품 기업으로 재조명된 기대감.,todaytop15,2026-08-07 08:32:01
2026-08-07,15:20,10,삼성전자,반도체/소부장,0.7,1356.3조,6.7조,0,,내년 메모리 수요 증가 전망에 따른 기대감. / 저가매수세 유입에 의한 투자자 관심 증가.,todaytop15,2026-08-07 08:32:01
2026-08-07,15:20,11,동화기업,건설/주택/토목#배터리/2차전지,30.0,"4,075억",279억,0,52주 최대 거래량,전고체 배터리용 핵심 소재 사업 확대 기대감. / 2차전지 관련 테마 상승에 따른 긍정적 분위기.,todaytop15,2026-08-07 08:32:01
2026-08-07,15:20,12,포스코퓨처엠,배터리/2차전지,5.5,13.8조,"2,925억",0,,리튬인산철 양극재 19만 톤 장기 공급 계약 체결에 따른 기대감. / 대규모 수주로 인한 LFP 양극재 시장 내 입지 강화 전망.,todaytop15,2026-08-07 08:32:01
2026-08-07,15:20,13,LG에너지솔루션,배터리/2차전지,4.3,84.2조,"1,912억",0,,북미 ESS 수주 기대감에 따른 강세. / 스페이스X 반등에 따른 공급망 기대 재부각.,todaytop15,2026-08-07 08:32:01
2026-08-07,15:20,14,스피어,우주항공,15.2,1.2조,706억,0,,스페이스X 주가 반등에 따른 관련주 효과로 인한 상승 기대감. / 스페이스X와의 지속적인 협력 관계 강화에 따른 장기적 성장 가능성.,todaytop15,2026-08-07 08:32:01
2026-08-07,15:20,15,효성중공업,전력설비,4.6,26.4조,"2,283억",0,,미국 수출용 245kV 63kA 가스절연차단기 개발 완료에 따른 기술력 강화 기대감. / 호주에서 3100억원 규모 장기 공급계약 체결로 해외 시장 확장 가능성.,todaytop15,2026-08-07 08:32:01
2026-08-10,15:20,1,알테오젠,바이오/헬스케어,14.4,2.2조,"5,714억",3,,블랙록의 지분 5% 이상 확보 소식에 따른 투자자 신뢰 상승. / 제약·바이오 업종의 전반적인 시장 호재. / 대한광통신 ⭐⭐⭐,todaytop15,2026-08-10 08:53:21
2026-08-10,15:20,2,제주반도체,반도체/소부장,16.4,3.0조,"4,118억",3,,LPDDR5 메모리 제품을 SK하이닉스 공장에서 생산한다는 소식에 따른 기술 협력 강화 기대감. / 1분기 영업이익 1714% 폭증에 따른 실적 호조.,todaytop15,2026-08-10 08:53:21
2026-08-10,15:20,3,산일전기,전력설비,16.9,5.6조,"2,294억",2,,역대급 매출과 데이터센터 수주 기대감. / 2분기 사상 최대 실적 달성에 따른 긍정적 투자 심리.,todaytop15,2026-08-10 08:53:21
2026-08-10,15:20,4,LIG디펜스앤에어로스페이스,방산,11.1,6.7조,"2,188억",2,,천궁 관련 긍정적인 분석에 따른 방산 수요 증가 기대감. / 증권가 목표가 130만원 상향에 따른 투자심리 개선. / 주성엔지니어링 ⭐,todaytop15,2026-08-10 08:53:21
2026-08-10,15:20,5,성호전자,광학/광통신,20.6,1.5조,"1,115억",1,,미국의 중국산 광트랜시버 규제 추진에 따른 광통신 관련주 강세. / AI 반도체 관련 사업 확장과 협력 강화 기대감.,todaytop15,2026-08-10 08:53:21
2026-08-10,15:20,6,고려아연,희토류#철강금속,11.9,25.8조,"1,008억",0,,미국 상무장관의 언급을 통해 전략광물 공급망 투자 확대 기대감. / 트럼프 정부의 핵심광물 정책 수혜주로 부각된 점.,todaytop15,2026-08-10 08:53:21
2026-08-10,15:20,7,테스,반도체/소부장,15.2,2.8조,"1,550억",0,,반도체 장비 수주잔고 최대 기록에 따른 내년 증설 기대감. / 반도체 장비 산업의 호황기 진입 신호.,todaytop15,2026-08-10 08:53:21
2026-08-10,15:20,8,에코프로,배터리/2차전지,8.7,12.7조,"2,171억",0,,인도네시아 니켈 제련소 BNSI 지분 39% 확보에 따른 전기차 배터리 원료 공급망 강화 기대감. / 전고체 배터리 시장 확대로 인한 장기적 성장 전망.,todaytop15,2026-08-10 08:53:21
2026-08-10,15:20,9,엘앤에프,배터리/2차전지,13.3,4.2조,"1,263억",0,,잠정실적 발표와 대량보유 공시로 인한 투자자들의 긍정적 반응. / LFP 양극재 양산 및 공급망 확대로 인한 성장 기대감.,todaytop15,2026-08-10 08:53:21
2026-08-10,15:20,10,디앤디파마텍,바이오/헬스케어,14.3,3.0조,"1,175억",0,,MASH 치료제 관련 기술수출 협상 진전 기대감. / FAP 타깃 방사성의약품 미국 특허 등록 결정 호재.,todaytop15,2026-08-10 08:53:21
2026-08-10,15:20,11,삼천당제약,바이오/헬스케어,14.6,4.4조,872억,0,,미국 FDA의 긍정적인 회신에 따른 기대감. / 글로벌 시장 진출 가능성 확대에 따른 주목.,todaytop15,2026-08-10 08:53:21
2026-08-10,15:20,12,원익IPS,반도체/소부장,11.9,4.8조,"1,347억",0,,SK하이닉스의 투자 규모 확정에 따른 반도체 장비주 수혜 기대감. / 내년 반도체 증설 2배 전망에 따른 시장 내 긍정적 평가.,todaytop15,2026-08-10 08:53:21
2026-08-10,15:20,13,이수페타시스,광학/광통신#기판/전자부품#데이터센터,13.0,6.8조,876억,0,,우주항공산업 관련 테마의 상승세와 제2우주센터 및 스페이스X 호재. / AI 반도체 시장 성장 기대감.,todaytop15,2026-08-10 08:53:21
2026-08-11,15:20,1,삼성전자,반도체/소부장,3.9,1397.3조,8.3조,3,,메모리 반도체 시장 호황에 따른 수출 증가 기대감. / 주주환원 정책 확대로 인한 투자자 신뢰 상승.,todaytop15,2026-08-11 08:16:06
2026-08-11,15:20,2,NHN,게임,29.8,7.5조,"5,109억",3,,2분기 역대급 실적을 기록하며 주력 사업의 수익성 개선 기대감. / AI 및 클라우드 사업의 성장으로 인한 수익성 향상 전망. / 주성엔지니어링 ⭐⭐⭐,todaytop15,2026-08-11 08:16:06
2026-08-11,15:20,3,금호건설,건설/주택/토목,30.0,"4,281억","1,430억",2,,호남 반도체 산업단지 조기 착공 기대감에 따른 수혜 기대. / 2분기 실적 발표를 앞둔 긍정적 전망.,todaytop15,2026-08-11 08:16:06
2026-08-11,15:20,4,비에이치,폴더블/모바일,16.4,"6,085억","1,797억",2,,삼성 로봇·휴머노이드 사업 참여 기대감. / 삼성 로봇 사업 진출 수혜 기대감.,todaytop15,2026-08-11 08:16:06
2026-08-11,15:20,5,코칩,기판/전자부품#배터리/2차전지,29.7,"1,754억",679억,1,,"코칩, AI 서버 시장에서 MLCC 수요 급증으로 인한 수익성 개선 기대감. / AI 데이터센터에 대한 슈퍼커패시터 수주 증가로 인한 성장 전망.",todaytop15,2026-08-11 08:16:06
2026-08-11,15:20,6,SK하이닉스,반도체/소부장,0.7,1045.0조,7.6조,1,,일본 키옥시아의 1대 주주로 등극하며 전략적 파트너십 강화 기대감. / 글로벌 반도체 시장에서의 영향력 확대 전망.,todaytop15,2026-08-11 08:16:06
2026-08-11,15:20,7,셀트리온,바이오/헬스케어,4.7,49.0조,"3,323억",0,,"셀트리온, 이탈리아에서 '졸레어 시밀러' 판매 확대를 통한 시장 점유율 증가 기대감. / 하반기 이익 개선세 지속 전망에 따른 투자자 관심 증가.",todaytop15,2026-08-11 08:16:06
2026-08-11,15:20,8,코스메카코리아,화장품,14.2,1.2조,"1,316억",0,"역사적 신고가, 52주 최대 거래량",2분기 '어닝 서프라이즈'에 따른 긍정적 시장 반응. / 역대 최대 실적 발표에 따른 투자자 관심 증대.,todaytop15,2026-08-11 08:16:06
2026-08-11,15:20,9,위메이드맥스,게임,29.9,"3,679억",343억,0,,게임 테마 상승세와 위메이드 그룹의 신작 흥행 기대감 반영. / 실적 발표에 앞서 이익 개선 흐름에 대한 기대감.,todaytop15,2026-08-11 08:16:06
2026-08-11,15:20,10,본느,,26.4,658억,"1,010억",0,"52주 신고가, 역사적 거래량",K-뷰티 수출의 고성장에 따른 시장 확대 전망. / 구미현 전 아워홈 회장의 인수로 인한 경영권 강화 기대감.,todaytop15,2026-08-11 08:16:06
2026-08-11,15:20,11,서산,,29.9,"1,048억",543억,0,,시멘트/레미콘 테마 상승세에 따른 주가 상승 기대감. / 산업 내 경쟁력을 바탕으로 한 지속적인 성장 전망.,todaytop15,2026-08-11 08:16:06
2026-08-11,15:20,12,삼성에스디에스,데이터센터#가상자산/STO,6.7,18.4조,"1,569억",0,,국가 AI 연구용 GPU 컴퓨팅 서비스 개시에 따른 기대감. / 엔비디아 블랙웰 공급에 따른 AI 인프라 확장 기대감.,todaytop15,2026-08-11 08:16:06
2026-08-11,15:20,13,에스피지,로봇,6.0,2.5조,"4,542억",0,,로봇 산업의 성장과 함께 에스피지의 고성능 감속기 및 액추에이터에 대한 수요 증가 기대감. / 휴머노이드 로봇 관절용 AI 기반 제어 기술 특허 출원 소식에 따른 기술 경쟁력 강화 전망.,todaytop15,2026-08-11 08:16:06
2026-08-11,15:20,14,혜인,,20.1,905억,739억,0,,AI 데이터센터 및 방산 부문에서의 성장 기대감. / 건설기계 테마 상승세에 따른 수혜 기대감.,todaytop15,2026-08-11 08:16:06
2026-08-12,15:20,1,삼성전자,반도체/소부장,6.7,1493.7조,10.3조,3,,메모리 업황 개선 기대감에 따른 투자 심리 강화. / 주주환원 정책 임박에 대한 긍정적 기대감.,todaytop15,2026-08-12 08:41:49
2026-08-12,15:20,2,SK하이닉스,반도체/소부장,5.3,1096.5조,9.5조,3,,메모리 업황 개선 기대감에 의한 상승 기대감. / 주주환원 정책 임박 소식에 의한 긍정적 전망.,todaytop15,2026-08-12 08:41:49
2026-08-12,15:20,3,LG전자,로봇,12.6,33.3조,1.1조,3,,로봇과 인공지능 사업에 대한 기대감이 주가 상승의 주요 원인. / 젠슨황과의 회동 기대감이 투자 심리에 긍정적 영향을 미침.,todaytop15,2026-08-12 08:41:49
2026-08-12,15:20,4,SK스퀘어,반도체/소부장,8.6,135.4조,1.0조,2,,미국 반도체주 훈풍에 따른 국내 반도체 산업 전반의 긍정적 분위기. / SK하이닉스의 주가 상승에 따른 지분가치 상승 기대감.,todaytop15,2026-08-12 08:41:49
2026-08-12,15:20,5,한국콜마,화장품,22.7,3.1조,"5,255억",2,"역사적 신고가, 역사적 거래량",2분기 역대 최대 실적 발표에 따른 기대감. / 화장품 테마의 상승세에 따른 긍정적 영향을 받는 상황.,todaytop15,2026-08-12 08:41:49
2026-08-12,15:20,6,삼성전기,기판/전자부품,5.9,99.9조,1.6조,1,,AI와 MLCC 수요 증가에 따른 2분기 실적 호조. / FCBGA 풀가동 및 장기공급계약 확대에 따른 성장 기대감.,todaytop15,2026-08-12 08:41:49
2026-08-12,15:20,7,금호건설,건설/주택/토목,29.9,"5,563억","2,932억",1,,"호남 반도체 클러스터 조기 착공 기대감에 따른 긍정적 전망. / 3,506억 원 규모 장지차고지 수주 소식에 따른 실적 개선 기대.",todaytop15,2026-08-12 08:41:49
2026-08-12,15:20,8,코스맥스,화장품,18.6,2.8조,"2,424억",0,"52주 신고가, 52주 최대 거래량",2분기 역대 최대 실적 달성에 따른 성장 기대감. / K-뷰티 수출 호조에 따른 화장품주 전반적인 긍정적 전망.,todaytop15,2026-08-12 08:41:49
2026-08-12,15:20,9,일진전기,전력설비,17.5,3.5조,"2,416억",0,,2분기 역대 최대 실적 달성으로 인한 기대감. / 전선 테마 상승세에 따른 긍정적 영향.,todaytop15,2026-08-12 08:41:49
2026-08-12,15:20,10,LG이노텍,기판/전자부품#폴더블/모바일,10.4,14.3조,"3,239억",0,,"애플 아이폰 수요 증가에 따른 긍정적 영향. / 2분기 사상 최대 영업이익 2,458억 원 달성 전망.",todaytop15,2026-08-12 08:41:49
2026-08-12,15:20,11,실리콘투,화장품,12.5,3.0조,"4,066억",0,52주 최대 거래량,K-뷰티 수출 호조에 따른 화장품주 강세. / 2분기 연결 영업이익 전년 대비 59% 증가.,todaytop15,2026-08-12 08:41:49
2026-08-12,15:20,12,삼성SDI,배터리/2차전지,5.7,39.1조,"3,559억",0,,IT 대표주 테마 상승세에 의한 긍정적 영향. / GM 합작사 정리가 ESS 사업 확장 기회로 작용하는 전망.,todaytop15,2026-08-12 08:41:49
2026-08-12,15:20,13,NHN,게임,12.9,8.1조,"4,429억",0,52주 신고가,"결제, AI 클라우드, 게임 부문의 동반 성장이 2분기 역대 최대 실적을 기록한 호재. / 영업이익 164% 급증과 클라우드 수익성 부각에 따른 긍정적 전망. / 주성엔지니어링",todaytop15,2026-08-12 08:41:49
2026-08-12,15:20,14,대원전선,전력설비,9.8,1.2조,"3,978억",0,,전선 테마 상승세로 인한 투자자들의 관심 증가. / 외국인과 기관의 동반 러브콜에 따른 긍정적 시장 반응.,todaytop15,2026-08-12 08:41:49
2026-08-13,15:20,1,SK하이닉스,반도체/소부장,5.9,1163.7조,8.7조,3,,미국 AI 기술주 훈풍에 따른 반도체 산업 전반의 긍정적 전망. / 주주환원 기대감으로 인한 투자자들의 긍정적 반응.,todaytop15,2026-08-13 08:46:00
2026-08-13,15:20,2,삼성전기,기판/전자부품,12.5,112.2조,2.8조,3,,모건스탠리에서 최선호주로 선정된 점으로 인한 기대감. / 반도체 강세에 따른 산업 전반의 긍정적 전망.,todaytop15,2026-08-13 08:46:00
2026-08-13,15:20,3,삼성전자,반도체/소부장,4.1,1555.1조,9.4조,3,,미국 반도체 업종의 긍정적인 분위기와 AI 기술주 성장세에 따른 기대감. / 주주 환원 정책 강화에 대한 기대감.,todaytop15,2026-08-13 08:46:00
2026-08-13,15:20,4,케이앤에스아이앤씨,,41.5,"1,597억","4,779억",2,,위성통신 및 방산 분야에서의 기술력과 시장 진출 가능성에 대한 긍정적인 평가. / 상장 첫날 공모가 대비 높은 주가 상승에 따른 투자자들의 관심 증가.,todaytop15,2026-08-13 08:46:00
2026-08-13,15:20,5,SK스퀘어,반도체/소부장,7.4,145.2조,1.0조,2,,SK하이닉스의 주가 상승으로 인한 지분 가치 재평가 기대감. / 자회사 투자 및 배당 정책에 따른 긍정적 시장 반응.,todaytop15,2026-08-13 08:46:00
2026-08-13,15:20,6,PS일렉트로닉스,전력설비,29.8,"5,208억","1,999억",1,,AI 데이터센터 연결 수요 부각에 따른 고성능 서버 장비 수요 증가 기대감. / 기관의 러브콜로 인한 투자 심리 개선.,todaytop15,2026-08-13 08:46:00
2026-08-13,15:20,7,삼화콘덴서,기판/전자부품#데이터센터,16.8,1.1조,"3,957억",1,,AI 서버용 MLCC 수요 폭발로 인한 공급 부족 기대감. / 고전력 인프라용 부품 수요 증가에 따른 긍정적 전망.,todaytop15,2026-08-13 08:46:00
2026-08-13,15:20,8,코오롱티슈진,바이오/헬스케어,18.7,35.7조,"6,867억",0,,골관절염 치료제의 미국 허가 신청을 위한 준비 진행 기대감. / 회사의 자사주 매입 결정에 따른 시장 신뢰 회복 기대감. / NAVER,todaytop15,2026-08-13 08:46:00
2026-08-13,15:20,9,지투파워,데이터센터#원전,29.9,"1,951억",780억,0,,액침냉각 ESS 기술 상용화 진입에 따른 신기술 도입 기대감. / 차세대 '액침냉각 ESS'의 KC 안전인증 취득으로 시장 공략 본격화 전망.,todaytop15,2026-08-13 08:46:00
2026-08-13,15:20,10,지엔씨에너지,데이터센터,13.7,"9,014억","1,928억",0,역사적 신고가,AI 데이터센터 수요 증가에 따른 비상발전기 수요 확대 기대감. / KT와의 755억원 규모 발전기 공급 계약 체결 소식에 따른 긍정적 전망.,todaytop15,2026-08-13 08:46:00
2026-08-13,15:20,11,아주IB투자,우주항공#창투사,29.9,1.9조,"3,955억",0,,스페이스X 관련주로 주목받으며 상승 기대감. / 야놀자 테마와의 상승세 연계성 부각. / SK이터닉스,todaytop15,2026-08-13 08:46:00
2026-08-13,15:20,12,OCI홀딩스,자산가치#페브로스카이트#신재생,7.8,5.2조,"2,088억",0,,태양광에너지 테마 상승세로 인한 투자심리 개선 기대감. / 2분기 영업이익 흑자 전환에 따른 실적 호조 전망.,todaytop15,2026-08-13 08:46:00
2026-08-13,15:20,13,금호타이어,자동차/부품,8.1,2.3조,"2,249억",0,52주 신고가,글로벌 수요 회복 기대감에 따른 긍정적 전망. / 외국인 투자자들의 관심 증가에 의한 주목.,todaytop15,2026-08-13 08:46:00
2026-08-14,15:20,1,SK하이닉스,반도체/소부장,3.1,1200.2조,10.3조,3,,미국 샌디스크의 긍정적 소식에 따른 반도체 업종 전반의 상승 기대감. / 미국 메모리주 급등에 따른 동반 상승 효과.,todaytop15,2026-08-14 08:39:49
2026-08-14,15:20,2,삼성전자,반도체/소부장,2.2,1601.9조,9.3조,3,,미국 샌디스크의 긍정적 소식으로 인한 반도체 업황 개선 기대감. / 반도체주 상승세 지속으로 인한 투자자들의 관심 증가.,todaytop15,2026-08-14 08:39:49
2026-08-14,15:20,3,현대차,로봇#자동차/부품,8.2,92.8조,"9,631억",3,,제네시스 첫 하이브리드 모델 출시 기대감. / 피지컬 AI 기술 발전에 따른 로봇 사업 강화 전망.,todaytop15,2026-08-14 08:39:49
2026-08-14,15:20,4,삼성전기,기판/전자부품,3.6,116.3조,3.1조,2,,고성능 부품 수요 증가에 따른 기대감. / 반도체 산업 내 경쟁력 강화 전망.,todaytop15,2026-08-14 08:39:49
2026-08-14,15:20,5,SK텔레콤,데이터센터#금융/지주/밸류업,10.2,21.6조,"4,985억",2,,AI스타트업 앤트로픽의 지분 가치 상승 기대감. / 미확정 루머 해명에 따른 실적 기대감.,todaytop15,2026-08-14 08:39:49
2026-08-14,15:20,6,현대모비스,로봇#자동차/부품#금융/지주/밸류업,6.7,49.4조,"3,298억",1,,IR 기대감에 따른 미래 성장 동력 주목. / 자율주행 기술 및 로봇 핵심 부품 공급 확대 전망.,todaytop15,2026-08-14 08:39:49
2026-08-14,15:20,7,코오롱티슈진,바이오/헬스케어,12.9,2.5조,"2,712억",1,,"미국 3상 실패 후 주가 급락을 딛고, 경영진의 자사주 매수 소식에 따른 투자 심리 회복 기대감. / 외부 전문업체의 임상 결과 분석 발표 기대감.",todaytop15,2026-08-14 08:39:49
2026-08-14,15:20,8,DN오토모티브,,19.1,3.4조,748억,0,역사적 신고가,양산공장 자동화 프로젝트 수주로 인한 생산 효율성 증대 기대감. / 자사주 활용 기대감에 따른 투자자들의 긍정적 반응.,todaytop15,2026-08-14 08:39:49
2026-08-14,15:20,9,삼성SDI,배터리/2차전지,6.0,41.6조,"3,786억",0,,2차전지(나트륨이온) 테마의 상승세에 따른 긍정적 기대감. / 북미 ESS 및 유럽 EV 시장 공략 본격화에 따른 성장 전망.,todaytop15,2026-08-14 08:39:49
2026-08-14,15:20,10,SK스퀘어,반도체/소부장,3.0,151.8조,1.1조,0,,반도체주 강세 속 SK하이닉스 지분 가치 상승에 따른 재평가 기대감. / 자사주 소각을 통한 주주가치 제고 노력.,todaytop15,2026-08-14 08:39:49
2026-08-14,15:20,11,빙그레,,18.9,"7,573억","1,491억",0,52주 최대 거래량,2분기 영업이익이 전년 대비 160% 증가하며 실적 개선 기대감. / 글로벌 시장에서의 성공적인 확장과 현지 메인스트림 입점 확대 추진.,todaytop15,2026-08-14 08:39:49
2026-08-14,15:20,12,현대오토에버,로봇#자율주행#자동차/부품,9.0,13.4조,"2,173억",0,,로봇 시대의 도래에 따른 수혜주로 부각되며 시장의 관심 증가. / 'AI와 로봇 결합' 시스템 통합을 통한 혁신 기대감.,todaytop15,2026-08-14 08:39:49
2026-08-14,15:20,13,한화오션,조선/에너지,5.2,29.2조,"4,396억",0,,미국 해군 함정 건조 시장의 개방 기대감. / 미국 외국 조선업체 건조 허용에 따른 사업 확장 전망.,todaytop15,2026-08-14 08:39:49
2026-08-14,15:20,14,LG이노텍,기판/전자부품#폴더블/모바일,6.3,15.5조,"3,526억",0,,피지컬 AI 및 휴머노이드 로봇 테마의 상승세에 따른 기대감. / 반도체 기판 사업의 경쟁력 강화에 대한 긍정적 전망.,todaytop15,2026-08-14 08:39:49
2026-08-14,15:20,15,현대무벡스,로봇,9.7,3.1조,"2,748억",0,,자율운반 국책사업 주관으로 190억원 지원 소식이 주목받고 있는 상황. / 스마트팩토리로의 체질개선 가속화가 시장의 긍정적 반응을 이끄는 중.,todaytop15,2026-08-14 08:39:49
2026-08-17,15:20,1,SK하이닉스,반도체/소부장,3.3,1201.7조,7.1조,3,,미국 샌디스크의 긍정적 소식에 따른 반도체 업종 전반의 상승 기대감. / 미국 메모리주 급등에 따른 동반 상승 효과.,todaytop15,2026-08-17 08:03:08
2026-08-17,15:20,2,삼성전자,반도체/소부장,2.4,1604.8조,5.9조,3,,미국 샌디스크의 긍정적 소식으로 인한 반도체 업황 개선 기대감. / 반도체주 상승세 지속으로 인한 투자자들의 관심 증가.,todaytop15,2026-08-17 08:03:08
2026-08-17,15:20,3,현대차,로봇#자동차/부품,8.2,92.8조,"5,379억",3,,제네시스 첫 하이브리드 모델 출시 기대감. / 피지컬 AI 기술 발전에 따른 로봇 사업 강화 전망.,todaytop15,2026-08-17 08:03:08
2026-08-17,15:20,4,SK텔레콤,데이터센터#금융/지주/밸류업,10.3,21.6조,"3,063억",2,,AI스타트업 앤트로픽의 지분 가치 상승 기대감. / 미확정 루머 해명에 따른 실적 기대감.,todaytop15,2026-08-17 08:03:08
2026-08-17,15:20,5,삼성전기,기판/전자부품,3.7,116.4조,1.5조,2,,고성능 부품 수요 증가에 따른 기대감. / 반도체 산업 내 경쟁력 강화 전망.,todaytop15,2026-08-17 08:03:08
2026-08-17,15:20,6,삼성전자우,반도체/소부장,4.2,156.9조,"7,417억",1,,반도체 업황 개선에 따른 기대감. / 외국인과 기관의 지속적인 순매수에 의한 투자 매력도 증가.,todaytop15,2026-08-17 08:03:08
2026-08-17,15:20,7,코오롱티슈진,바이오/헬스케어,11.5,2.4조,"2,747억",1,,"미국 3상 실패 후 주가 급락을 딛고, 경영진의 자사주 매수 소식에 따른 투자 심리 회복 기대감. / 외부 전문업체의 임상 결과 분석 발표 기대감.",todaytop15,2026-08-17 08:03:08
2026-08-17,15:20,8,SK스퀘어,반도체/소부장,3.3,152.3조,"7,591억",0,,반도체주 강세 속 SK하이닉스 지분 가치 상승에 따른 재평가 기대감. / 자사주 소각을 통한 주주가치 제고 노력.,todaytop15,2026-08-17 08:03:08
2026-08-17,15:20,9,현대무벡스,로봇,10.7,3.1조,"2,785억",0,,자율운반 국책사업 주관으로 190억원 지원 소식이 주목받고 있는 상황. / 스마트팩토리로의 체질개선 가속화가 시장의 긍정적 반응을 이끄는 중.,todaytop15,2026-08-17 08:03:08
2026-08-17,15:20,10,현대모비스,로봇#자동차/부품#금융/지주/밸류업,7.0,49.6조,"1,894억",0,,IR 기대감에 따른 미래 성장 동력 주목. / 자율주행 기술 및 로봇 핵심 부품 공급 확대 전망.,todaytop15,2026-08-17 08:03:08
2026-08-17,15:20,11,한라캐스트,로봇,16.2,"4,596억","2,344억",0,,피지컬 AI/휴머노이드 로봇 테마 상승세에 따른 투자 기대감. / 미국 빅테크 로봇 부품 추가 수주로 인한 북미 매출 본격화 기대감.,todaytop15,2026-08-17 08:03:08
2026-08-17,15:20,12,DN오토모티브,,19.1,3.4조,508억,0,역사적 신고가,양산공장 자동화 프로젝트 수주로 인한 생산 효율성 증대 기대감. / 자사주 활용 기대감에 따른 투자자들의 긍정적 반응.,todaytop15,2026-08-17 08:03:08
2026-08-17,15:20,13,삼성SDI,배터리/2차전지,6.0,41.6조,"2,325억",0,,2차전지(나트륨이온) 테마의 상승세에 따른 긍정적 기대감. / 북미 ESS 및 유럽 EV 시장 공략 본격화에 따른 성장 전망.,todaytop15,2026-08-17 08:03:08
2026-08-17,15:20,14,빙그레,,19.9,"7,638억",842억,0,52주 최대 거래량,2분기 영업이익이 전년 대비 160% 증가하며 실적 개선 기대감. / 글로벌 시장에서의 성공적인 확장과 현지 메인스트림 입점 확대 추진.,todaytop15,2026-08-17 08:03:08
2026-08-17,15:20,15,현대오토에버,로봇#자율주행#자동차/부품,9.0,13.4조,"1,086억",0,,로봇 시대의 도래에 따른 수혜주로 부각되며 시장의 관심 증가. / 'AI와 로봇 결합' 시스템 통합을 통한 혁신 기대감.,todaytop15,2026-08-17 08:03:08
2026-08-18,15:20,1,인제니아테라퓨틱스(Reg.S),,39.0,"8,247억","6,928억",3,,글로벌 임상 및 후속 파이프라인 개발 속도 기대감. / 코스닥 상장 첫날 기대와 달리 주가 급락 출발.,todaytop15,2026-08-18 07:56:39
2026-08-18,15:20,2,SK하이닉스,반도체/소부장,0.7,1209.7조,13.4조,3,,미국 앤트로픽의 IPO 기대감에 따른 반도체 산업 호조 전망. / 메모리 수요 확대 기대감에 따른 시장 성장 기대감.,todaytop15,2026-08-18 07:56:39
2026-08-18,15:20,3,이수페타시스,광학/광통신#기판/전자부품#데이터센터,8.0,7.6조,"2,275억",3,,반도체 기판(FC-BGA/PCB/MLB 등) 테마 상승세에 따른 긍정적 분위기. / AI 기판 수요 증가로 인한 긍정적 기대감.,todaytop15,2026-08-18 07:56:39
2026-08-18,15:20,4,마이크로컨텍솔,반도체/소부장,29.9,"3,142억",402억,2,,반도체 부품주 강세 속에서 테스트 소켓 수요 증가에 따른 주가 상승 기대감. / 반도체 분야에서의 강력한 입지와 소켓 공급 확대에 의한 성장 가능성 부각.,todaytop15,2026-08-18 07:56:39
2026-08-18,15:20,5,HMM,운송/물류,6.3,21.3조,"2,051억",2,,중동 지역의 긴장 고조로 인한 해운 운임 상승 기대감. / 글로벌 해운업황 개선에 따른 긍정적 전망.,todaytop15,2026-08-18 07:56:39
2026-08-18,15:20,6,삼성공조,,29.9,"1,228억",448억,1,,삼성전자의 광주산단에 정밀냉난방공조 기지 건설 소식으로 HVAC AI데이터센터 인프라 확대 기대감. / 데이터센터 공조 시장에서의 경쟁력 강화 전망.,todaytop15,2026-08-18 07:56:39
2026-08-18,15:20,7,더본코리아,,22.2,"2,880억",569억,1,52주 최대 거래량,북미 사업 확대 소식이 전해지며 투자자들의 기대감 증대. / 캐나다 호텔 80곳과의 협력으로 시장 진출 가속화 기대감.,todaytop15,2026-08-18 07:56:39
2026-08-18,15:20,8,베뉴지,,29.8,"2,675억",265억,0,52주 최대 거래량,베뉴지의 상반기 순이익이 시가총액을 초과하면서 자산가치 및 주주환원 기대감. / 골프 테마와의 연관성으로 인한 상승세.,todaytop15,2026-08-18 07:56:39
2026-08-18,15:20,9,레메디,,22.3,"1,033억",851억,0,,대만 렐텍과의 전략적 협력으로 초음파 사업 본격화 기대감. / 인도 오디샤주 휴대용 엑스레이 입찰에서 단독 기술평가 통과에 따른 수주 가능성 증가.,todaytop15,2026-08-18 07:56:39
2026-08-18,15:20,10,하나마이크론,반도체/소부장,7.2,2.6조,"2,699억",0,,반도체 장비 테마의 상승세로 인한 긍정적 영향. / AI 시대에 맞춘 첨단 기판 및 패키징 솔루션의 글로벌 도약 기대감.,todaytop15,2026-08-18 07:56:39
2026-08-18,15:20,11,현대해상,은행/보험#금융/지주/밸류업,9.4,4.2조,927억,0,역사적 신고가,2분기 호실적 발표에 따른 긍정적 반응. / 증권가의 목표가 상향 조정에 따른 기대감.,todaytop15,2026-08-18 07:56:39
2026-08-18,15:20,12,LS,전력설비,6.5,10.7조,"1,417억",0,,친환경 에너지 전환 가속화 기대감에 의한 주가 상승. / 전력 인프라 투자 확대 기대감에 의한 주가 상승.,todaytop15,2026-08-18 07:56:39
2026-08-18,15:20,13,아난티,대북,13.7,"4,369억","1,016억",0,52주 최대 거래량,한반도 평화 기대감 속 남북경협 테마주로 부각. / 김정은의 대화 요청 응답 소식에 의한 남북경협주 상승 기대감.,todaytop15,2026-08-18 07:56:39
2026-08-18,15:20,14,HPSP,반도체/소부장,5.7,3.5조,"2,845억",0,,메모리 투자 확대 기대감에 따른 수혜. / 메모리 투자 사이클 수혜 본격화 전망.,todaytop15,2026-08-18 07:56:39
2026-08-18,15:20,15,흥아해운,운송/물류,12.5,"4,633억",868억,0,,해운업황 개선 기대감 속 거래량 동반 급등. / 호르무즈 해협 긴장 고조에 해운주 상승 전망.,todaytop15,2026-08-18 07:56:39
2026-08-19,15:20,1,아난티,대북,18.7,"5,196억","2,479억",3,52주 최대 거래량,남북 종전 논의와 북미 정상회담 추진 소식에 따른 대북 관광 수혜 기대감. / 남북경협 테마와 관련된 긍정적 시장 반응.,todaytop15,2026-08-19 07:56:21
2026-08-19,15:20,2,화신정공,로봇,29.8,"1,886억",588억,3,,보스턴다이나믹스 '아틀라스' 로봇에 대한 부품 공급 기대감. / 현대차 아틀라스에 경량화 부품 적용 가능성 부각.,todaytop15,2026-08-19 07:56:21
2026-08-19,15:20,3,바이오니아,감염병,30.0,"2,372억",420억,3,52주 최대 거래량,2분기 최대 매출 기록과 흑자전환 성과로 인한 긍정적 기대감. / 탈모 연구의 성과 가시화에 따른 시장의 주목.,todaytop15,2026-08-19 07:56:21
2026-08-19,15:20,4,한화에어로스페이스,우주항공#방산,2.7,60.7조,"8,436억",2,,미 육군 차세대 자주포 시제품 계약 체결 소식. / 미 육군 자주포 수주에 따른 방산 경쟁력 강화 기대감.,todaytop15,2026-08-19 07:56:21
2026-08-19,15:20,5,HPSP,반도체/소부장,7.3,3.8조,"2,806억",2,,고압 수소 어닐링 기술을 통한 2나노 반도체 수율 개선 기대감. / 삼성과 SK에 D램용 장비 납품 소식에 따른 성장 전망.,todaytop15,2026-08-19 07:56:21
2026-08-19,15:20,6,한켐,반도체/소부장,29.9,823억,418억,1,,MLCC 소재 증산을 위한 옥천 신공장 가동 소식에 따른 성장 기대감. / 삼성전기에 MLCC 소재 공급사로 부각되며 시장 내 경쟁력 강화.,todaytop15,2026-08-19 07:56:21
2026-08-19,15:20,7,위메이드맥스,게임,17.3,"4,027억",666억,1,,인디게임 퍼블리셔 레드브릭하우스에 대한 전략적 투자로 신규 IP 확보 기대감. / 2분기 매출 337억원을 기록하며 장기 흥행작과 신작의 '투트랙' 전략이 주목받는 상황.,todaytop15,2026-08-19 07:56:21
2026-08-19,15:20,8,두산퓨얼셀,수소,10.1,2.6조,962억,0,,수소 경제 활성화 기대감에 따른 투자 심리 개선. / 글로벌 시장 진출 확대를 통한 성장 가능성 부각.,todaytop15,2026-08-19 07:56:21
2026-08-19,15:20,9,현대건설,재건#건설/주택/토목#원전,5.8,13.0조,"1,409억",0,,남북경협 테마 상승세에 따른 기대감. / 반기 실적 기대감에 따른 긍정적 전망.,todaytop15,2026-08-19 07:56:21
2026-08-19,15:20,10,져스텍,,19.4,"1,700억",590억,0,,최신 반도체 사업으로의 전환과 우주산업 진출 계획에 대한 기대감. / 한국공학대학교 Grand-ICT 연구센터 참여로 인한 기술력 강화 전망.,todaytop15,2026-08-19 07:56:21
2026-08-19,15:20,11,비츠로셀,드론/UAM#방산,13.6,1.6조,317억,0,,미국 빅테크용 데이터센터 배터리 공급 논의가 진행되면서 기대감 상승. / AI 전력망 핵심 공급망 확보로 사업 확장 기대감.,todaytop15,2026-08-19 07:56:21
2026-08-19,15:20,12,조비,대북#식량자원,18.2,647억,505억,0,,남북경협 테마 상승세에 따른 수혜 기대감. / 트럼프와 김정은 회담 추진 소식에 의한 긍정적 전망.,todaytop15,2026-08-19 07:56:21
2026-08-19,15:20,13,비보존 제약,,17.6,802억,291억,0,,어나프라주의 '프리 갈리앵 코리아' 최우수 제약 제품상 후보 선정 소식에 의한 긍정적 기대감. / 어나프라주의 잇단 호재에 따른 시장의 관심 증가. / 센서뷰,todaytop15,2026-08-19 07:56:21
2026-08-19,15:20,14,ISC,반도체/소부장,6.1,3.8조,607억,0,,빅테크와 장기공급계약 추진으로 인해 AI 및 반도체 테스트 수요 증가 기대감. / AI 반도체 테스트 소켓 및 HBM 시장 성장 전망에 따른 긍정적 전망.,todaytop15,2026-08-19 07:56:21
2026-08-20,15:20,1,SK하이닉스,반도체/소부장,12.8,1236.0조,13.5조,3,,40조원 규모의 자사주 취득 및 소각 전략 발표에 따른 주가 상승 기대감. / 주주환원책 강화에 따른 긍정적 투자 심리.,todaytop15,2026-08-20 07:59:40
2026-08-20,15:20,2,삼성전자,반도체/소부장,9.3,1581.4조,10.0조,3,,AI 조기 수익화 기대감. / 100조원 투자 계획 발표에 따른 긍정적 전망.,todaytop15,2026-08-20 07:59:40
2026-08-20,15:20,3,SK스퀘어,반도체/소부장,11.8,148.0조,1.3조,3,,하이닉스의 40조 원 규모 자사주 소각 계획으로 인한 수혜 기대감. / 반도체 산업 내 전략적 투자와 AI 분야 진출에 따른 성장 전망.,todaytop15,2026-08-20 07:59:40
2026-08-20,15:20,4,알테오젠,바이오/헬스케어,11.5,18.1조,"7,835억",2,,ALT-B4의 글로벌 확장에 따른 기대감. / 모더나·머크의 mRNA 암 치료제 3상 성공으로 '키트루다 SC'에 대한 주목.,todaytop15,2026-08-20 07:59:40
2026-08-20,15:20,5,인제니아테라퓨틱스(Reg.S),,30.0,"9,063억","2,968억",2,,글로벌 임상 및 후속 파이프라인 개발 속도 증가에 따른 기대감. / 코스닥 시장 입성 후 초기 급등세로 인한 투자 관심 증가.,todaytop15,2026-08-20 07:59:40
2026-08-20,15:20,6,금호건설,건설/주택/토목,26.1,"5,921억","3,868억",1,,건설업종 전반에 걸친 긍정적인 시장 분위기와 투자자들의 기대감. / 최근 대규모 공동주택 및 공공사업 수주 증가에 따른 성장 전망.,todaytop15,2026-08-20 07:59:40
2026-08-20,15:20,7,삼성물산,건설/주택/토목#금융/지주/밸류업,8.1,60.8조,"1,943억",1,,계약 정정 공시로 인한 수급 개선 기대감. / 특별배당금 연동 배당 신설에 따른 투자 매력 증대.,todaytop15,2026-08-20 07:59:40
2026-08-20,15:20,8,에스티팜,바이오/헬스케어,12.4,2.3조,"3,290억",0,52주 최대 거래량,mRNA 치료제 개발에 대한 기대감이 모더나의 임상 성공 소식에 힘입어 급증. / 기존 올리고핵산치료제 원료 공급 계약 및 CDMO 경쟁력 강화에 따른 지속적인 성장 전망.,todaytop15,2026-08-20 07:59:40
2026-08-20,15:20,9,아이티센글로벌,가상자산/STO,22.5,"7,263억","1,195억",0,,BTQ와의 양자보안 협력을 통한 금융 및 공공 PQC 시장 공략 기대감. / 갤럭시아에프엔 지분 93% 인수를 통한 STO 주도권 확보 전망.,todaytop15,2026-08-20 07:59:40
2026-08-20,15:20,10,삼성생명,은행/보험#금융/지주/밸류업,7.4,59.3조,"1,968억",0,,삼성전자의 주가 상승에 따른 자산 가치 증가와 금융 계열사로서의 긍정적 영향 가능성. / KDB생명 본입찰 참여 가능성에 따른 시장 기대감.,todaytop15,2026-08-20 07:59:40
2026-08-20,15:20,11,알지노믹스,바이오/헬스케어,16.6,34.5조,"3,574억",0,,RNA 편집 기술의 재평가 기대감에 따른 긍정적 전망. / 바이오주 강세와 임상 모멘텀에 대한 주목. / NAVER,todaytop15,2026-08-20 07:59:40
2026-08-20,15:20,12,SK증권,증권#가상자산/STO,29.8,"6,499억",288억,0,,SK하이닉스의 40조 원 규모 자사주 매입을 SK증권이 단독으로 중개하게 되면서 주목받음. / 대규모 자사주 거래 중개로 인한 수익 증가 기대감.,todaytop15,2026-08-20 07:59:40
2026-08-20,15:20,13,삼양바이오팜,바이오/헬스케어,29.8,"4,179억",333억,0,,모더나의 암 백신 3상 성공 소식에 따른 수혜 기대감. / mRNA 암 백신 전달체 연구 성과로 인한 기술력 부각.,todaytop15,2026-08-20 07:59:40
2026-08-20,15:20,14,고려아연,희토류#철강금속,8.1,25.8조,"1,004억",0,,국제 금속 가격의 동반 상승으로 인한 수혜 기대감. / 온산제련소의 안전문화 확산 노력으로 인한 긍정적 이미지 강화.,todaytop15,2026-08-20 07:59:40
2026-08-21,15:20,1,삼성전자,반도체/소부장,3.5,1639.9조,12.8조,3,,주주환원책 발표 임박 소식에 따른 기대감. / 광주 공장 수주 소식에 따른 긍정적 전망.,todaytop15,2026-08-21 08:00:26
2026-08-21,15:20,2,SK하이닉스,반도체/소부장,2.1,1261.6조,11.4조,3,,40조원 규모의 자사주 매입 소식에 대한 기대감. / 삼성전자와의 테마 상승세에 따른 긍정적 전망.,todaytop15,2026-08-21 08:00:26
2026-08-21,15:20,3,삼성생명,은행/보험#금융/지주/밸류업,9.9,65.3조,"3,844억",3,,반도체 관련주 상승세에 따른 삼성전자 및 SK하이닉스와의 테마 상승 효과 / 삼성전자 주주환원 기대감에 따른 투자 매력 부각,todaytop15,2026-08-21 08:00:26
2026-08-21,15:20,4,코미코,반도체/소부장,24.1,1.4조,624억,2,52주 최대 거래량,반도체 슈퍼사이클 최대 수혜주로 부상하며 고객 다변화 기대감. / 액면분할 후 거래 재개 첫날 급등에 따른 주가 상승 기대감.,todaytop15,2026-08-21 08:00:26
2026-08-21,15:20,5,삼성물산,건설/주택/토목#금융/지주/밸류업,5.8,64.1조,"2,772억",2,,데이터센터 건축 허가로 인한 성장 기대감. / 2분기 영업이익이 시장 예상치를 상회한 긍정적 실적 발표.,todaytop15,2026-08-21 08:00:26
2026-08-21,15:20,6,우리기술투자,가상자산/STO#창투사,20.0,"4,973억","1,326억",1,,비트코인 1억원 돌파에 따른 가상자산 시장의 상승 기대감. / '업비트 운영사 지분 가치' 부각에 의한 투자 매력 증가.,todaytop15,2026-08-21 08:00:26
2026-08-21,15:20,7,SK텔레콤,데이터센터#금융/지주/밸류업,5.8,22.0조,"2,964억",1,,5G 광중계기 공급 계약 체결로 인한 성장 기대감. / 자회사 실적 호조와 주주환원 정책에 따른 긍정적 전망.,todaytop15,2026-08-21 08:00:26
2026-08-21,15:20,8,쿠콘,가상자산/STO#소프트웨어,23.9,"2,725억",530억,0,,2분기 실적 개선에 따른 긍정적 시장 반응. / 신사업 추진에 대한 기대감.,todaytop15,2026-08-21 08:00:26
2026-08-21,15:20,9,금호전기,,12.3,"1,037억","2,418억",0,52주 신고가,호남 반도체 클러스터 프로젝트의 기대감이 반도체 관련주에 긍정적으로 작용. / 반도체 클러스터 구축에 따른 산업 성장 가능성 부각.,todaytop15,2026-08-21 08:00:26
2026-08-21,15:20,10,삼성화재,은행/보험,6.1,29.5조,768억,0,,견조한 실적 발표에 따른 긍정적 시장 반응. / 대량보유 공시로 인한 투자자들의 관심 증가.,todaytop15,2026-08-21 08:00:26
2026-08-21,15:20,11,하나금융지주,은행/보험#금융/지주/밸류업,4.5,35.4조,982억,0,,반기 호실적 기대감에 따른 긍정적 전망. / 주주환원 정책 주목으로 인한 투자 매력 증가.,todaytop15,2026-08-21 08:00:26
2026-08-21,15:20,12,갤럭시아머니트리,가상자산/STO,12.6,"2,417억",840억,0,52주 최대 거래량,머스크 X 크리에이터 보상 USDC 지급 검토와 서클과의 결제·정산 협력 논의 부각. / 올해 영업이익 사상 최대 실적 달성 전망에 따른 기대감.,todaytop15,2026-08-21 08:00:26
2026-08-21,15:20,13,KB금융,은행/보험#금융/지주/밸류업,2.6,58.2조,"2,140억",0,,글로벌 ESG 지수 'FTSE4Good'에 16년 연속 편입되며 지속 가능한 경영 성과 인정. / 인도네시아 금융 시장에서의 전략적 확장 기대감.,todaytop15,2026-08-21 08:00:26
2026-08-21,15:20,14,SK,데이터센터,3.0,42.4조,"1,284억",0,,SK하이닉스의 40조원 규모 자사주 매입 및 소각 소식에 따른 주주환원 기대감. / AI 및 반도체 산업 내 강력한 입지와 지속적인 기술 혁신 전망.,todaytop15,2026-08-21 08:00:26
2026-08-21,15:20,15,신한지주,은행/보험#금융/지주/밸류업,3.1,48.9조,"1,095억",0,,상반기 실적 3.4조로 시장 예상치 상회. / 자사주 7천억 원 취득 결정에 따른 주주환원 강화.,todaytop15,2026-08-21 08:00:26
2026-08-24,15:20,1,한미약품,바이오/헬스케어,30.0,6.9조,"5,640억",3,,제넨텍과의 비만신약 기술이전 계약 체결에 따른 기대감. / 3조1892억원 규모의 대형 기술수출에 의한 호재.,todaytop15,2026-08-24 08:06:22
2026-08-24,15:20,2,한미사이언스,,24.8,3.8조,"4,351억",3,52주 신고가,제넨텍에 비만신약 2조3천억 기술수출 소식에 따른 기대감. / 주요 제약사로서의 기술력과 혁신성 입증.,todaytop15,2026-08-24 08:06:22
2026-08-24,15:20,3,삼성SDI,배터리/2차전지,7.7,41.5조,"5,559억",3,,삼성디스플레이 지분 매각을 통한 재원 확보로 미국 ESS 시장 진출 기대감. / 2차전지 및 ESS 산업 내 강력한 입지와 성장 잠재력 부각.,todaytop15,2026-08-24 08:06:22
2026-08-24,15:20,4,엘앤에프,배터리/2차전지,15.9,4.9조,"2,045억",2,,삼성SDI의 대규모 투자로 인한 LFP 양극재 최대 수혜 기대감. / 2차전지 테마 상승세에 따른 투자자들의 관심 증가.,todaytop15,2026-08-24 08:06:22
2026-08-24,15:20,5,아이티센글로벌,가상자산/STO,16.1,"8,771억","2,738억",2,52주 최대 거래량,금값 반등으로 인한 금 관련주 상승 기대감. / 금 코인 발행 계획 부각에 따른 투자자 관심 증가.,todaytop15,2026-08-24 08:06:22
2026-08-24,15:20,6,신풍제약,감염병,29.9,"5,530억",574억,1,,코로나19 재유행 조짐에 따른 관련주 강세. / 제약·바이오 산업 내 확장 가능성 전망.,todaytop15,2026-08-24 08:06:22
2026-08-24,15:20,7,포스코퓨처엠,배터리/2차전지,10.5,15.2조,"1,394억",1,,국내 배터리 기업과의 대규모 LFP 양극재 장기 공급 합의로 인한 기대감. / 2차전지 주식 전반의 강세에 따른 상승 전망.,todaytop15,2026-08-24 08:06:22
2026-08-24,15:20,8,에코프로비엠,배터리/2차전지,10.9,11.5조,"1,064억",0,,헝가리 공장 라인 개조를 통한 유럽 프리미엄 전기차 시장 공략 기대감. / 하이니켈 양극소재 공급을 위한 글로벌 시장 확장 전략.,todaytop15,2026-08-24 08:06:22
2026-08-24,15:20,9,고려아연,희토류#철강금속,8.7,28.1조,"1,100억",0,,금·은·아연 가격 상승으로 인한 귀금속 수혜 기대감. / 경영권 분쟁 격화에 따른 주가 변동성 증가 전망.,todaytop15,2026-08-24 08:06:22
2026-08-24,15:20,10,LG에너지솔루션,배터리/2차전지,5.5,84.8조,"1,569억",0,,구글과의 대규모 태양광 및 ESS 사업에서 수천억 규모 배터리 공급 계약 체결에 따른 성장 기대감. / 미국 방산업 진출 검토 소식으로 인한 새로운 시장 개척 가능성.,todaytop15,2026-08-24 08:06:22
2026-08-24,15:20,11,에코프로,배터리/2차전지,7.6,11.9조,"1,699억",0,,2차전지 소재 및 부품 테마의 전반적인 상승세에 따른 기대감. / 헝가리 공장 라인 개조를 통한 유럽 프리미엄 전기차 시장 공략 강화 전망.,todaytop15,2026-08-24 08:06:22
2026-08-24,15:20,12,에이피알,화장품#미용,6.2,15.3조,"1,967억",0,,산업부 반도체 R&D 주관기관 선정에 따른 기술 내재화 속도 기대감. / 영업이익이 화장품 빅2를 제친 성과로 인한 해외시장 공략 강화 전망.,todaytop15,2026-08-24 08:06:22
2026-08-24,15:20,13,POSCO홀딩스,배터리/2차전지#철강금속,5.7,26.0조,"1,860억",0,,철강업 회복과 국가 핵심자원 공급망 강화 기대감. / 2분기 실적 개선 및 리튬 사업부 흑자 전환 호재.,todaytop15,2026-08-24 08:06:22
2026-08-24,15:20,14,삼아알미늄,데이터센터#배터리/2차전지,20.9,"8,802억",397억,0,,AI 데이터센터향 ESS 소재 공급으로 글로벌 시장에서 러브콜을 받으며 성장 기대감. / 하반기 배터리용 알박의 공급 부족 수혜 기대감.,todaytop15,2026-08-24 08:06:22
2026-08-24,15:20,15,큐리옥스바이오시스템즈,바이오/헬스케어,25.1,"9,307억",235억,0,,글로벌 제약사와 5억 원대 수주 계약 체결에 따른 긍정적 기대감. / 플루토 코드의 상업화가 가속화되면서 시장 내 경쟁력 강화.,todaytop15,2026-08-24 08:06:22
2026-08-25,15:20,1,두산에너빌리티,원전,10.1,51.5조,"7,588억",3,,북미 신규 원전 시장 확대에 따른 수혜 전망. / 소형 모듈형 원자로(SMR) 사업 기대감.,todaytop15,2026-08-25 08:01:30
2026-08-25,15:20,2,한전기술,원전,19.6,4.1조,"3,223억",3,,원자력발전소 해체 테마에 대한 기대감. / 하반기 원전 수주 확대 기대감.,todaytop15,2026-08-25 08:01:30
2026-08-25,15:20,3,현대건설,재건#건설/주택/토목#원전,14.6,13.5조,"3,548억",3,,미국 원전 확대에 따른 추가 수주 가능성 부각. / 글로벌 원전 대형 수주에 대한 기대감.,todaytop15,2026-08-25 08:01:30
2026-08-25,15:20,4,한화,,16.0,6.2조,"1,689억",2,,인적분할 후 거래 재개로 인한 투자자들의 관심 증가. / 새로운 사업 구조에 대한 기대감.,todaytop15,2026-08-25 08:01:30
2026-08-25,15:20,5,우리기술투자,가상자산/STO#창투사,15.7,"5,704억","2,694억",2,,비트코인 8만 달러 돌파와 가상화폐 테마 상승세에 따른 기대감. / 두나무의 미국 상장 기대감과 업비트 지분 가치 부각에 따른 호재.,todaytop15,2026-08-25 08:01:30
2026-08-25,15:20,6,삼성전기,기판/전자부품,3.0,101.4조,1.2조,1,,MLCC와 FCBGA의 생산 확대와 AI 수요 증가에 따른 실적 개선 기대감. / 장기공급 계약 체결 및 주요 제품의 경쟁력 확보에 따른 긍정적 전망.,todaytop15,2026-08-25 08:01:30
2026-08-25,15:20,7,대우건설,건설/주택/토목#원전,11.5,7.2조,"1,308억",1,,해외 수주 기대감 고조에 의한 상승 기대감. / 대형 계약 공시와 실적 기대감에 의한 호재.,todaytop15,2026-08-25 08:01:30
2026-08-25,15:20,8,에이피알,화장품#미용,7.1,16.4조,"2,726억",0,,뷰티 디바이스 시장에서의 두드러진 성장세에 따른 주목. / 반도체 R&D 주관기관 선정으로 기술 내재화 기대감.,todaytop15,2026-08-25 08:01:30
2026-08-25,15:20,9,SK하이닉스,반도체/소부장,0.7,1229.4조,9.1조,0,,"최근 SK하이닉스의 주가는 미국 반도체주 약세에 따른 하락세를 보였으나, HBM 기술의 차별화된 경쟁력으로 인해 장기적인 성장 기대감이 형성되고 있습니다.",todaytop15,2026-08-25 08:01:30
2026-08-25,15:20,10,한국화장품제조,화장품,21.2,"3,218억","1,188억",0,"52주 신고가, 52주 최대 거래량",화장품 업종 회복세에 따른 수급 기대감. / 업종 전반의 회복으로 인한 긍정적 투자 심리.,todaytop15,2026-08-25 08:01:30
2026-08-25,15:20,11,신라젠,,29.8,"4,101억",380억,0,,신라젠의 차세대 항암제가 미국 FDA로부터 희귀의약품 지정을 받았다는 소식에 따른 긍정적 기대감. / 항암 파이프라인의 FDA 희귀의약품 지정이 회사의 연구개발 역량을 입증하는 호재.,todaytop15,2026-08-25 08:01:30
2026-08-25,15:20,12,HPSP,반도체/소부장,10.1,4.0조,"1,656억",0,,삼성과 SK에 D램용 장비를 납품한다는 소식에 따른 기대감. / 고압 수소 어닐링 기술의 독점적 지위가 반도체 공정에서의 핵심 경쟁력으로 작용.,todaytop15,2026-08-25 08:01:30
2026-08-25,15:20,13,심텍,기판/전자부품,10.7,4.4조,"1,352억",0,,소캠(SOCAMM) 테마 상승세에 따른 수혜 기대감. / 반도체 기판 관련 업종의 강세로 인한 긍정적 전망.,todaytop15,2026-08-25 08:01:30
2026-08-25,15:20,14,비에이치아이,원전#수소,13.8,2.0조,862억,0,,원자력발전소 해체 테마 상승세에 따른 시장 관심 증가. / 경쟁력 있는 원전 설비 공급 역량으로 인한 성장 기대감.,todaytop15,2026-08-25 08:01:30
2026-08-25,15:20,15,삼화콘덴서,기판/전자부품#데이터센터,13.1,1.1조,"1,039억",0,,핵융합에너지 테마 상승세에 따른 기대감. / AI 및 로봇 관련 수요 증가로 인한 MLCC 기술력 주목.,todaytop15,2026-08-25 08:01:30
2026-08-26,15:20,1,삼성전자,반도체/소부장,1.9,1531.7조,6.8조,3,,엔비디아 실적 기대감에 따른 반도체 산업 전반의 긍정적 전망. / 자회사 금화피에스시의 삼성전자 반도체 핵심 초순수 장치 수주 소식.,todaytop15,2026-08-26 08:02:51
2026-08-26,15:20,2,SK아이이테크놀로지,배터리/2차전지,29.9,1.6조,"1,664억",3,52주 최대 거래량,SK아이이테크놀로지의 분리막 사업 재편 및 중국 공장 매각에 따른 사업 구조 개선 기대감. / SK이노베이션의 흡수 합병을 통해 분리막 경쟁력 강화 및 시너지 효과 전망.,todaytop15,2026-08-26 08:02:51
2026-08-26,15:20,3,두산에너빌리티,원전,6.4,55.0조,1.0조,3,,국내외 원전 모멘텀 강화 기대감. / 수자원 테마 상승세에 따른 수급 개선.,todaytop15,2026-08-26 08:02:51
2026-08-26,15:20,4,한전기술,원전,13.7,4.7조,"4,862억",2,,원자력발전 테마 상승세에 따른 주가 상승 기대감. / AI 전력수요 증가에 따른 원전주 상승 전망.,todaytop15,2026-08-26 08:02:51
2026-08-26,15:20,5,삼성생명,은행/보험#금융/지주/밸류업,8.8,62.0조,"2,184억",2,,삼성전자의 대규모 주주환원 계획 발표에 따른 삼성생명의 배당 기대감. / 금융 계열사로서의 경쟁력 강화와 주주가치 제고 노력.,todaytop15,2026-08-26 08:02:51
2026-08-26,15:20,6,현대건설,재건#건설/주택/토목#원전,7.7,14.5조,"4,883억",1,,미·이란 휴전 합의 보도에 따른 중동 지역 건설 사업 확장 기대감. / 종속회사 합병 결정으로 인한 사업 구조 개선 및 수익성 강화 기대감.,todaytop15,2026-08-26 08:02:51
2026-08-26,15:20,7,전진건설로봇,재건#건설기계,25.3,"6,209억","1,215억",1,,콘크리트 분배 로봇의 현장 실증 성공 소식에 따른 기술력 확인 호재. / 건설 분야에서 로봇 기술을 통한 혁신적 발전 기대감.,todaytop15,2026-08-26 08:02:51
2026-08-26,15:20,8,대우건설,건설/주택/토목#원전,8.8,7.9조,"3,797억",0,,미·이란 휴전 기대감으로 인한 건설업종 전반의 강세. / 연간 수주 목표 27조로 상향에 따른 긍정적 전망.,todaytop15,2026-08-26 08:02:51
2026-08-26,15:20,9,한국전력,원전,6.9,22.4조,"3,493억",0,,웨스팅하우스 지분 인수설로 인한 기대감. / 원자력발전 테마 상승세에 따른 긍정적 전망.,todaytop15,2026-08-26 08:02:51
2026-08-26,15:20,10,한미약품,바이오/헬스케어,5.6,6.8조,"6,379억",0,,3.2조원 규모의 비만신약 기술이전 모멘텀에 의한 기대감. / 바이오시밀러 테마 상승세에 따른 긍정적 분위기.,todaytop15,2026-08-26 08:02:51
2026-08-26,15:20,11,SK하이닉스,반도체/소부장,0.7,1234.5조,7.5조,0,,엔비디아 실적 기대감에 따른 반도체 산업 전반의 긍정적 전망. / 글로벌 반도체주 반등 영향으로 인한 투자자들의 관심 증가.,todaytop15,2026-08-26 08:02:51
2026-08-26,15:20,12,삼성물산,건설/주택/토목#금융/지주/밸류업,5.9,63.0조,"1,831억",0,,미·이란 휴전 합의 보도에 따른 글로벌 건설 수요 증가 기대감. / 2분기 영업이익이 시장 예상치를 상회함에 따른 실적 호조 기대감.,todaytop15,2026-08-26 08:02:51
2026-08-26,15:20,13,두산,반도체/소부장,7.5,19.2조,"1,131억",0,,두산에너빌리티의 주가는 국내외 원전 모멘텀 강화 기대감에 상승. / 에너지 전환과 수자원 테마의 상승세에 따른 긍정적 전망.,todaytop15,2026-08-26 08:02:51
2026-08-26,15:20,14,대한항공,항공#금융/지주/밸류업,6.8,3.2조,"1,974억",0,,통합 대한항공 출범 앞두고 시장 기대감 속 항공업계 재편 전망. / 대한항공-아시아나 합병에 따른 시너지 효과 기대감. / GS건설,todaytop15,2026-08-26 08:02:51
2026-08-27,15:20,1,가온전선,전력설비,25.3,6.3조,"3,397억",3,,미국 '자국산 우선' 정책에 따른 AI 전력시장 확대 기대감. / 트럼프의 외국산 전력장비 금지 명령에 따른 수혜 전망.,todaytop15,2026-08-27 18:18:57
2026-08-27,15:20,2,삼성SDI,배터리/2차전지,10.3,45.9조,"8,914억",3,,삼성디스플레이 지분 매각을 통해 약 4조 원의 현금 확보로 투자 재원 확대 기대감. / 확보된 자금을 통한 미래 성장 동력 발굴 및 사업 확장 가능성 강화 전망.,todaytop15,2026-08-27 18:18:57
2026-08-27,15:20,3,SK하이닉스,반도체/소부장,1.8,1255.7조,9.0조,3,,엔비디아의 역대 최대 매출 발표에 따른 반도체 산업 전반의 긍정적 영향. / HBM3E 수요 확대에 대한 기대감.,todaytop15,2026-08-27 18:18:57
2026-08-27,15:20,4,HD현대일렉트릭,전력설비,12.1,29.6조,"2,602억",2,,미국의 중국산 전력장비 수입 규제 강화에 따른 전력기기주 강세. / 전력저장장치(ESS) 테마 상승세에 따른 기대감.,todaytop15,2026-08-27 18:18:57
2026-08-27,15:20,5,산일전기,전력설비,14.5,6.2조,"3,326억",2,,초고압 변압기 시장 진출과 데이터센터 수혜를 위한 693억 투자에 따른 기대감. / 미국의 외국산 전력장비 금지 조치로 인한 전력기기 산업의 강세 전망.,todaytop15,2026-08-27 18:18:57
2026-08-27,15:20,6,LS ELECTRIC,전력설비,8.7,32.9조,"4,897억",1,,미국의 외국산 전력장비 금지 명령에 따른 전력기기주 강세 / 전력저장장치(ESS) 테마 상승세에 따른 기대감,todaytop15,2026-08-27 18:18:57
2026-08-27,15:20,7,심텍,기판/전자부품,12.4,4.8조,"4,508억",1,,엔비디아 AI 기판 'SOCAMM' 수혜 부각으로 인한 기대감. / 2700억 원 규모의 신규 투자 소식에 따른 긍정적 전망.,todaytop15,2026-08-27 18:18:57
2026-08-27,15:20,8,효성중공업,전력설비,9.8,28.6조,"3,335억",0,,미국의 중국산 전력장비 규제에 따른 수혜 기대감. / 북미 전력망 및 AI 데이터센터 수주 랠리에 의한 긍정적 전망.,todaytop15,2026-08-27 18:18:57
2026-08-27,15:20,9,삼성전기,기판/전자부품,4.1,103.4조,1.4조,0,,반도체 기판(FC-BGA/PCB/MLB 등) 테마 상승세에 따른 주가 상승 기대감. / 엔비디아의 실적 호조에 따른 반도체 관련주 투자 심리 개선 전망.,todaytop15,2026-08-27 18:18:57
2026-08-27,15:20,10,삼성전자,반도체/소부장,1.1,2.3조,"3,977억",0,,엔비디아의 역대 최대 매출과 깜짝 실적에 따른 반도체 시장 전반의 긍정적 분위기. / 반도체 생산 테마 상승세에 힘입은 주가 상승 기대감. / 대한광통신,todaytop15,2026-08-27 18:18:57
2026-08-27,15:20,11,포스코퓨처엠,배터리/2차전지,9.1,16.4조,"1,738억",0,,리튬 테마 상승세에 따른 기대감. / LFP 양극재 장기 공급 계약 체결로 인한 시장 신뢰 증가.,todaytop15,2026-08-27 18:18:57
2026-08-27,15:20,12,LG에너지솔루션,배터리/2차전지,5.4,86.6조,"2,008억",0,,이차전지 업황 개선 기대감에 따른 투자심리 회복. / 수급 개선에 따른 시장 내 긍정적 분위기 형성.,todaytop15,2026-08-27 18:18:57
2026-08-27,15:20,13,한화에어로스페이스,우주항공#방산,5.7,59.2조,"1,858억",0,,항공우주 수익성 개선 및 KF-21 양산으로 인한 성장 기대감. / 미국 MTC K9MH 단독 선정으로 인한 목표가 상향 조정 호재.,todaytop15,2026-08-27 18:18:57
2026-08-27,15:20,14,해치텍,,20.3,925억,"1,840억",0,,차량용 센서 IC 개발 가속화에 따른 기술 경쟁력 강화 기대감. / 로봇 및 데이터센터로의 사업 확장 및 글로벌 시장 진출 전략.,todaytop15,2026-08-27 18:18:57
2026-08-28,15:20,1,금호전기,,29.9,"1,322억","2,505억",3,52주 신고가,반도체 클러스터 조성 기대감에 따른 업황 개선 기대감. / 개별 호재 없이도 시장 수급 개선에 따른 상승.,todaytop15,2026-08-28 19:28:16
2026-08-28,15:20,2,금호건설,건설/주택/토목,13.0,"6,379억","5,830억",3,52주 신고가 근접,삼성전자 플랜트 한국공장 수주 소식에 따른 기대감. / 건설업종 전반의 반등 기대감 유입.,todaytop15,2026-08-28 19:28:16
2026-08-28,15:20,3,삼성전기,기판/전자부품,2.7,106.3조,1.8조,3,,MLCC 가격 인상 기대감 / AI 관련 수요 증가에 따른 MLCC 수익성 개선 전망,todaytop15,2026-08-28 19:28:16
2026-08-28,15:20,4,쿠콘,가상자산/STO#소프트웨어,22.2,"3,078억",963억,2,,글로벌 주요 은행들의 스테이블코인 공동 발행 추진 소식에 따른 기대감. / 지역화폐 테마와의 상승 연계로 인한 투자 심리 강화.,todaytop15,2026-08-28 19:28:16
2026-08-28,15:20,5,한국콜마,화장품,10.8,3.8조,"1,206억",2,역사적 신고가,K-뷰티 인디 브랜드의 성장이 2분기 사상 최대 실적을 견인할 전망. / 국내 '첫' 산호초 보호 자외선차단제 글로벌 인증 체계 구축에 따른 기대감.,todaytop15,2026-08-28 19:28:16
2026-08-28,15:20,6,에이피알,화장품#미용,6.1,17.3조,"2,181억",1,역사적 신고가 근접,해외시장 확대와 K-뷰티 선두 기업으로의 성장 기대감. / 기관과 외국인 투자자의 매수세에 따른 긍정적 수급 분위기.,todaytop15,2026-08-28 19:28:16
2026-08-28,15:20,7,S-Oil,,8.8,16.8조,859억,1,,정제마진 강세 전망에 따른 주가 상승 기대감. / 증권가에서 목표가 줄상향에 따른 긍정적 투자 전망.,todaytop15,2026-08-28 19:28:16
2026-08-28,15:20,8,실리콘투,화장품,8.2,3.5조,"1,788억",0,52주 신고가 근접,CVC캐피탈의 3000억 원 투자 유치로 인한 성장 기대감. / K-뷰티 유통 네트워크 확장으로 인한 글로벌 시장 경쟁력 강화.,todaytop15,2026-08-28 19:28:16
2026-08-28,15:20,9,두산에너빌리티,원전,2.8,56.6조,"5,578억",0,,신사업 추진 기대감이 주가 상승 요인. / 수급 개선과 관련된 긍정적 전망.,todaytop15,2026-08-28 19:28:16
2026-08-28,15:20,10,신풍제약,감염병,13.2,"5,247억","1,170억",0,,코로나19 재확산 조짐에 따른 관련 제품 수요 증가 기대감. / 중국 코로나 확진자 증가에 따른 시장 관심 집중.,todaytop15,2026-08-28 19:28:16
2026-08-28,15:20,11,씨젠,감염병,11.4,1.9조,625억,0,52주 신고가,씨젠의 '글로벌 백만 임상 연구' 추진이 시장에서 긍정적으로 평가되며 주목받고 있습니다. / 2분기 영업이익이 전년 대비 586% 증가하며 실적 호조 기대감이 높아지고 있습니다.,todaytop15,2026-08-28 19:28:16
2026-08-28,15:20,12,SK이노베이션,정유/화학#배터리/2차전지,4.2,19.7조,"2,214억",0,,지배구조 개편 및 합병 결정에 따른 경영 효율성 및 성장 기대감. / 국제 유가 상승에 따른 정유 사업 부문 실적 개선 전망.,todaytop15,2026-08-28 19:28:16
2026-08-28,15:20,13,파마리서치,화장품#미용,6.7,4.8조,"1,329억",0,,자회사 '리쥬란'의 글로벌 확장과 미국 화장품 제조사 인수에 따른 시장 공략 가속화. / 상반기 매출 3248억 원 기록 및 수출 증가에 따른 실적 개선 기대감.,todaytop15,2026-08-28 19:28:16
2026-08-28,15:20,14,동국제약,바이오/헬스케어,14.5,"9,657억",377억,0,,마스크 테마 상승세에 따른 주가 상승 기대감. / 고기능성 스킨케어 제품 출시로 인한 시장 경쟁력 강화 전망.,todaytop15,2026-08-28 19:28:16
2026-08-28,15:20,15,코스맥스,화장품,6.7,3.4조,"1,180억",0,역사적 신고가,인도네시아 첫 화장품학과 개설 참여로 기술력 고도화 기대감. / 산학 협력을 통한 연구 확대에 따른 성장 동력 확보 전망.,todaytop15,2026-08-28 19:28:16
2026-08-31,15:20,1,온코닉테라퓨틱스,바이오/헬스케어,22.1,"8,192억","2,388억",3,,항암제 후보 '네수파립'의 제조기술이 미국에서 특허를 확보하여 장기적인 시장 경쟁력 강화 기대감. / 2042년까지 지적재산권 보호가 가능해짐에 따라 안정적인 수익 창출 전망.,todaytop15,2026-08-31 15:09:58
2026-08-31,15:20,2,LG전자,로봇,7.2,35.2조,"4,226억",3,,냉각사업의 부각과 관련된 긍정적 전망. / 외국인의 대규모 매수세에 따른 투자 기대감.,todaytop15,2026-08-31 15:09:58
2026-08-31,15:20,3,SK이노베이션,정유/화학#배터리/2차전지,7.6,21.3조,"3,795억",3,,최대주주인 SK온의 미국 ESS 공급계약 체결로 인한 긍정적 기대감. / 정제마진 개선으로 인한 정유 사업 실적 향상 전망.,todaytop15,2026-08-31 15:09:58
2026-08-31,15:20,4,엘앤에프,배터리/2차전지,8.9,6.0조,"2,639억",2,,미국 ESS 시장 확대 기대감에 따른 수혜 전망. / SK온의 대규모 ESS 수주에 따른 낙수효과 기대.,todaytop15,2026-08-31 15:09:58
2026-08-31,15:20,5,금호전기,,16.6,"1,541억","3,357억",2,52주 신고가,호남 반도체 클러스터 개발 기대감에 따른 투자자 관심 증가. / 폭락장 속에서도 강세를 보이며 시장에서의 주목도 상승.,todaytop15,2026-08-31 15:09:58
2026-08-31,15:20,6,포스코퓨처엠,배터리/2차전지,7.3,17.8조,"2,220억",1,,미국 ESS 시장 확대 기대감에 따른 투자 심리 개선. / 리튬 가격 반등과 공급 불확실성 부각에 따른 수요 증가 전망.,todaytop15,2026-08-31 15:09:58
2026-08-31,15:20,7,삼성전기,기판/전자부품,2.0,108.3조,1.3조,1,,AI 관련 MLCC 수요 증가에 따른 장기공급계약 체결로 인한 성장 기대감. / MLCC 가격 상승으로 인한 매출 증가 전망.,todaytop15,2026-08-31 15:09:58
2026-08-31,15:20,8,엠앤씨솔루션,방산,21.6,"5,045억",480억,0,52주 최대 거래량,150억 원 규모의 자사주 매입 및 전량 소각 결정에 따른 주가 상승 기대감. / 자사주 소각을 통한 주주가치 제고 전략이 시장에서 긍정적으로 평가받음.,todaytop15,2026-08-31 15:09:58
2026-08-31,15:20,9,삼성전자,반도체/소부장,0.6,1511.3조,5.4조,0,,"삼성전자, CSS 사업팀 인력 재배치로 메모리 및 파운드리 사업 강화 기대감. / 100조 원 규모의 특별배당 발표로 인한 주주환원 정책 호재.",todaytop15,2026-08-31 15:09:58
2026-08-31,15:20,10,SK하이닉스,반도체/소부장,0.5,1214.1조,6.8조,0,,40조 원 규모의 자사주 취득 및 소각을 통한 주주가치 제고 기대감. / D램과 낸드 생산시설 확충을 위한 54조 원 투자 계획에 따른 성장 전망.,todaytop15,2026-08-31 15:09:58
2026-08-31,15:20,11,LG이노텍,기판/전자부품#폴더블/모바일,4.4,15.1조,"2,825억",0,,로봇과 차량 센싱 기술 개발을 통한 사업 다각화 기대감. / AI 및 전장 분야 R&D 투자 확대에 따른 미래 성장 가능성 전망.,todaytop15,2026-08-31 15:09:58
2026-08-31,15:20,12,원익,화장품,19.0,"1,450억",766억,0,,국민성장펀드의 원익로보틱스에 대한 대규모 투자 소식으로 로봇 산업 내 경쟁력 강화 기대감. / 원익IPS의 중국 비전옥스 XR 디스플레이 핵심 공정 장비 수주로 반도체 장비 사업 성장 기대감.,todaytop15,2026-08-31 15:09:58
2026-08-31,15:20,13,삼성SDI,배터리/2차전지,2.1,47.0조,"6,809억",0,,미국 전력망 정책 변화에 따른 반사수혜 기대감. / 삼성디스플레이 지분 매각으로 확보한 자금의 미국 ESS 투자 계획.,todaytop15,2026-08-31 15:09:58
2026-08-31,15:20,14,심텍,기판/전자부품,5.3,4.9조,"1,859억",0,,소캠 효과가 예상치를 뛰어넘으며 역대급 실적 사이클에 진입한 기대감. / 반도체 소부장 자본 확충을 위한 3000억 조달 추진에 대한 긍정적 전망.,todaytop15,2026-08-31 15:09:58
2026-08-31,15:20,15,피노,배터리/2차전지,15.3,"6,482억",300억,0,,코스모신소재와의 150억 유상증자로 LFP 양극재 사업에 박차를 가하는 기대감. / 상반기 영업이익 사상 최대 실적 기록에 따른 긍정적 전망.,todaytop15,2026-08-31 15:09:58
2026-09-01,15:20,1,비에이치,폴더블/모바일,21.2,"7,450억","3,263억",3,52주 최대 거래량,애플 폴더블폰 공개를 앞두고 비에이치의 관련 부품 수요 증가 기대감. / 폴더블폰 시장 확대에 따른 로봇 신성장 동력 확보 기대감.,todaytop15,2026-09-01 12:36:38
2026-09-01,15:20,2,SK하이닉스,반도체/소부장,1.4,1239.6조,5.6조,3,,주요 고객인 엔비디아와의 협력 강화 및 D램 수요 증가 기대감. / 대규모 자사주 취득·소각을 통한 주주가치 제고 호재.,todaytop15,2026-09-01 12:36:38
2026-09-01,15:20,3,SK이노베이션,정유/화학#배터리/2차전지,7.9,22.9조,"5,361억",3,,자회사 SK온의 미국 ESS 수주 계약 체결에 따른 긍정적 기대감. / 정제마진 개선과 ESS 9GWh 공급계약에 따른 수익성 강화 전망.,todaytop15,2026-09-01 12:36:38
2026-09-01,15:20,4,현대약품,,29.9,"2,653억","1,496억",2,,탈모 치료제 신약에 대한 글로벌 관심 증가 및 기대감. / 낙태/피임 테마의 상승세에 따른 호재.,todaytop15,2026-09-01 12:36:38
2026-09-01,15:20,5,바이오니아,감염병,25.7,"2,852억","1,175억",2,52주 최대 거래량,탈모 치료제 관련 신약 개발 기대감에 따른 상승세. / 바이오니아의 탈모 연구 성과가 주목받으며 투자자 관심 증가.,todaytop15,2026-09-01 12:36:38
2026-09-01,15:20,6,JW신약,바이오/헬스케어,30.0,"1,676억","1,028억",1,,탈모 치료제에 대한 글로벌 관심 증가와 함께 관련 테마 상승세. / 탈모 치료제의 건강보험 적용 기대감이 주가 상승 요인.,todaytop15,2026-09-01 12:36:38
2026-09-01,15:20,7,SK,데이터센터,7.2,42.3조,"1,167억",1,,자회사 SK온의 미국 ESS 공급 계약 체결에 따른 긍정적 전망. / ESS 관련 수주 확대에 따른 성장 기대감.,todaytop15,2026-09-01 12:36:38
2026-09-01,15:20,8,강동씨앤엘,건설/주택/토목,25.0,"1,322억",748억,0,,ASF 방역 및 백신 관련 모멘텀 강화에 따른 기대감. / 시멘트/레미콘 테마 상승세에 따른 긍정적 영향.,todaytop15,2026-09-01 12:36:38
2026-09-01,15:20,9,SK스퀘어,반도체/소부장,2.6,140.4조,"5,622억",0,,SK하이닉스의 이익 급증과 AI 및 반도체 투자 확대 기대감. / 주주환원 및 M&A 확대 기대감.,todaytop15,2026-09-01 12:36:38
2026-09-01,15:20,10,매드업,,20.5,"1,723억",622억,0,,AI 기반 수익화 구간 진입에 대한 기대감. / 증권사의 첫 기업분석 개시로 인한 성장성 주목.,todaytop15,2026-09-01 12:36:38
2026-09-01,15:20,11,삼익제약,바이오/헬스케어,29.9,705억,371억,0,,탈모 치료제 신약 기대감에 의한 상승세. / 장기지속형 DDS 플랫폼 가치 재조명에 따른 시장 관심 증가.,todaytop15,2026-09-01 12:36:38
2026-09-01,15:20,12,삼성물산,건설/주택/토목#금융/지주/밸류업,3.9,63.4조,"1,478억",0,,일본 인프로니아와의 글로벌 인프라 사업 협업에 의한 성장 기대감. / 2분기 건설 실적 개선과 하이테크·주택 수주 확대에 의한 성장 탄력.,todaytop15,2026-09-01 12:36:38
2026-09-01,15:20,13,인제니아테라퓨틱스(Reg.S),,8.6,"9,469억","1,276억",0,,머크의 차세대 면역항암제 개발 협력 기대감. / 글로벌 기술이전 성과 가시화에 따른 긍정적 전망.,todaytop15,2026-09-01 12:36:38
2026-09-01,15:20,14,카카오게임즈,게임,12.9,1.1조,308억,0,,주요 신작 '도깨비의 세계'의 10월 출시를 앞두고 사전 등록 시작에 따른 기대감. / 글로벌 신작 '던전 어라이즈'의 9월 비공개 테스트 소식에 따른 긍정적 반응.,todaytop15,2026-09-01 12:36:38
2026-09-01,15:20,15,DB손해보험,은행/보험,6.3,12.6조,494억,0,,주주환원율 50% 확대 및 목표가 상향에 따른 투자 매력 증가. / 손해보험 테마 상승세와 미국 금리 인상 가능성에 따른 긍정적 시장 반응.,todaytop15,2026-09-01 12:36:38
2026-09-02,15:20,1,현대약품,,29.9,"2,653억","1,497억",3,,탈모 치료제 신약에 대한 글로벌 관심 증가 및 기대감. / 낙태/피임 테마의 상승세에 따른 호재.,todaytop15,2026-09-02 12:08:37
2026-09-02,15:20,2,SK이노베이션,정유/화학#배터리/2차전지,7.8,22.9조,"3,190억",3,,자회사 SK온의 미국 ESS 수주 계약 체결에 따른 긍정적 기대감. / 정제마진 개선과 ESS 9GWh 공급계약에 따른 수익성 강화 전망.,todaytop15,2026-09-02 12:08:37
2026-09-02,15:20,3,SK하이닉스,반도체/소부장,1.1,1236.7조,4.2조,3,,주요 고객인 엔비디아와의 협력 강화 및 D램 수요 증가 기대감. / 대규모 자사주 취득·소각을 통한 주주가치 제고 호재.,todaytop15,2026-09-02 12:08:37
2026-09-02,15:20,4,비에이치,폴더블/모바일,20.7,"7,417억","1,271억",2,,애플 폴더블폰 공개를 앞두고 비에이치의 관련 부품 수요 증가 기대감. / 폴더블폰 시장 확대에 따른 로봇 신성장 동력 확보 기대감.,todaytop15,2026-09-02 12:08:37
2026-09-02,15:20,5,JW신약,바이오/헬스케어,30.0,"1,676억","1,029억",2,,탈모 치료제에 대한 글로벌 관심 증가와 함께 관련 테마 상승세. / 탈모 치료제의 건강보험 적용 기대감이 주가 상승 요인.,todaytop15,2026-09-02 12:08:37
2026-09-02,15:20,6,SK,데이터센터,7.5,42.5조,952억,1,,자회사 SK온의 미국 ESS 공급 계약 체결에 따른 긍정적 전망. / ESS 관련 수주 확대에 따른 성장 기대감.,todaytop15,2026-09-02 12:08:37
2026-09-02,15:20,7,바이오니아,감염병,25.1,"2,839억",566억,1,,탈모 치료제 관련 신약 개발 기대감에 따른 상승세. / 바이오니아의 탈모 연구 성과가 주목받으며 투자자 관심 증가.,todaytop15,2026-09-02 12:08:37
2026-09-02,15:20,8,SK스퀘어,반도체/소부장,2.9,140.8조,"4,543억",0,,SK하이닉스의 이익 급증과 AI 및 반도체 투자 확대 기대감. / 주주환원 및 M&A 확대 기대감.,todaytop15,2026-09-02 12:08:37
2026-09-02,15:20,9,강동씨앤엘,건설/주택/토목,23.0,"1,301억",764억,0,,ASF 방역 및 백신 관련 모멘텀 강화에 따른 기대감. / 시멘트/레미콘 테마 상승세에 따른 긍정적 영향.,todaytop15,2026-09-02 12:08:37
2026-09-02,15:20,10,매드업,,20.8,"1,727억",631억,0,,AI 기반 수익화 구간 진입에 대한 기대감. / 증권사의 첫 기업분석 개시로 인한 성장성 주목.,todaytop15,2026-09-02 12:08:37
2026-09-02,15:20,11,삼익제약,바이오/헬스케어,26.7,688억,398억,0,,탈모 치료제 신약 기대감에 의한 상승세. / 장기지속형 DDS 플랫폼 가치 재조명에 따른 시장 관심 증가.,todaytop15,2026-09-02 12:08:37
2026-09-02,15:20,12,인제니아테라퓨틱스(Reg.S),,9.3,"9,538억","1,348억",0,,머크의 차세대 면역항암제 개발 협력 기대감. / 글로벌 기술이전 성과 가시화에 따른 긍정적 전망.,todaytop15,2026-09-02 12:08:37
2026-09-02,15:20,13,삼성물산,건설/주택/토목#금융/지주/밸류업,3.7,63.3조,"1,150억",0,,일본 인프로니아와의 글로벌 인프라 사업 협업에 의한 성장 기대감. / 2분기 건설 실적 개선과 하이테크·주택 수주 확대에 의한 성장 탄력.,todaytop15,2026-09-02 12:08:37
2026-09-02,15:20,14,삼성전자우,반도체/소부장,2.0,152.7조,"2,985억",0,,반도체 산업 회복 기대감으로 인한 투자 심리 개선. / 특별배당 기대감으로 인한 투자 매력 부각.,todaytop15,2026-09-02 12:08:37
2026-09-02,15:20,15,DB손해보험,은행/보험,6.3,12.6조,449억,0,,주주환원율 50% 확대 및 목표가 상향에 따른 투자 매력 증가. / 손해보험 테마 상승세와 미국 금리 인상 가능성에 따른 긍정적 시장 반응.,todaytop15,2026-09-02 12:08:37
2026-09-03,15:20,1,삼성중공업,조선/에너지,8.6,19.1조,"2,349억",3,,한화오션의 대규모 컨테이너선 수주 소식에 따른 조선업계 전반의 긍정적 분위기. / 방산 대신 신사업 집중을 통한 미래 성장 가능성 부각.,todaytop15,2026-09-03 12:08:18
2026-09-03,15:20,2,KB금융,은행/보험#금융/지주/밸류업,5.1,63.0조,"2,883억",3,,미국 국채금리 상승으로 인한 금융주 투자 매력도 증가. / 글로벌 고금리 기조에 따른 금융업종 전반의 강세 전망.,todaytop15,2026-09-03 12:08:18
2026-09-03,15:20,3,파인엠텍,폴더블/모바일,17.8,"3,858억","1,259억",3,52주 최대 거래량,신규 고객사 확보로 폴더블 양산 사이클 진입 기대감 / 삼성전자와 애플의 폴더블 제품 관련 주요 부품 공급 호재,todaytop15,2026-09-03 12:08:18
2026-09-03,15:20,4,LG에너지솔루션,배터리/2차전지,4.9,85.3조,"1,848억",2,,미국 탄산리튬 기업 스맥오버와의 8만톤 규모 공급 계약 체결로 인한 배터리 원자재 공급 안정 기대감. / 미국 방산 드론 공급망 진입 검토로 인한 신사업 확장 가능성.,todaytop15,2026-09-03 12:08:18
2026-09-03,15:20,5,삼성화재,은행/보험,6.7,31.3조,"1,201억",2,,손해보험 테마의 전반적인 상승세에 따른 긍정적 분위기 반영. / 삼성화재의 안정적인 보험 포트폴리오와 시장 내 높은 신뢰도 강화.,todaytop15,2026-09-03 12:08:18
2026-09-03,15:20,6,두산에너빌리티,원전,3.5,50.8조,"4,428억",1,,셰일가스 테마 상승세로 인한 기대감. / 미국 원전 수주 확대 모멘텀에 따른 긍정적 전망.,todaytop15,2026-09-03 12:08:18
2026-09-03,15:20,7,원익,화장품,18.6,"1,557억","1,244억",1,,로봇 기술 혁신과 관련해 원익로보틱스에 대한 대규모 투자 유치가 진행 중인 상황. / 반도체 및 로봇 사업의 경쟁력 강화가 기대되는 상황.,todaytop15,2026-09-03 12:08:18
2026-09-03,15:20,8,한화오션,조선/에너지,5.6,26.5조,"1,665억",0,,1.5조 규모의 대만 컨테이너선 수주 소식 / 대규모 수주로 인한 조선업계 내 입지 강화 기대감,todaytop15,2026-09-03 12:08:18
2026-09-03,15:20,9,현대건설,재건#건설/주택/토목#원전,6.2,13.3조,"1,703억",0,,건설 대표주 테마 상승세에 따른 투자 심리 개선. / 활발한 소통 행보에 따른 기업 신뢰도 상승 기대감.,todaytop15,2026-09-03 12:08:18
2026-09-03,15:20,10,LG화학,배터리/2차전지,6.9,20.3조,"1,037억",0,,석유화학 구조재편 기대감 / 첨단소재 사업 확장 전망,todaytop15,2026-09-03 12:08:18
2026-09-03,15:20,11,녹십자웰빙,바이오/헬스케어,14.7,"1,902억","1,122억",0,52주 최대 거래량,차세대 지방분해 주사제 3상 성공에 따른 기대감. / 파트너사 지방분해 신약의 중국 임상 3상 성공 소식에 의한 상승 모멘텀.,todaytop15,2026-09-03 12:08:18
2026-09-03,15:20,12,알트,로봇,29.9,648억,317억,0,,노바티스와의 최대 4조4000억 원 규모의 라이선스 계약 체결 소식에 의한 기대감. / 글로벌 제약사와의 협력으로 기술력 및 시장 확장 가능성 증가.,todaytop15,2026-09-03 12:08:18
2026-09-03,15:20,13,HD건설기계,건설기계,8.5,6.5조,661억,0,,1분기 영업이익이 전년 대비 88% 증가하며 통합 시너지 본격화 기대감. / 군산 공장 건설 완료와 배터리팩 및 방산용 엔진 생산 설비 구축 소식에 따른 성장 전망.,todaytop15,2026-09-03 12:08:18
2026-09-03,15:20,14,아진엑스텍,로봇,20.9,"1,364억",476억,0,,"삼성, 하이닉스, 마이크론의 반도체 라인에 ASM 제품 적용으로 인한 공급 확대 기대감. / 반도체 핵심 부품 공급을 통한 시장 점유율 및 경쟁력 강화 전망.",todaytop15,2026-09-03 12:08:18
2026-09-03,15:20,15,신한지주,은행/보험#금융/지주/밸류업,3.6,53.8조,"1,764억",0,역사적 신고가,경기방어 및 주주환원 매력을 통한 투자 매력 증가. / 글로벌 고금리 기조에 따른 금융주 강세.,todaytop15,2026-09-03 12:08:18
2026-09-04,15:20,1,스카이랩스,,147.5,"4,644억",1.7조,3,,반지형 혈압계의 유럽 진출 및 고혈압 진료지침 반영에 따른 성장 기대감. / 코스닥 상장 첫날 증권가의 성장성 주목.,todaytop15,2026-09-04 12:09:43
2026-09-04,15:20,2,로보티즈,로봇,21.3,4.4조,"8,796억",3,,중국 시장에서의 매출 급증과 미국의 중국산 휴머노이드 규제로 인한 수혜 기대감. / 2분기 흑자전환과 휴머노이드 사업 확대 기대감.,todaytop15,2026-09-04 12:09:43
2026-09-04,15:20,3,SK하이닉스,반도체/소부장,3.1,1201.7조,6.0조,3,,미국 금리 동결 기대감에 따른 시장 안정화로 반도체 업종에 긍정적 영향. / 낸드 플래시 가격 급등으로 인한 실적 개선 기대감.,todaytop15,2026-09-04 12:09:43
2026-09-04,15:20,4,삼성전자,반도체/소부장,2.4,1496.6조,4.6조,2,,반도체 강세와 AI 반도체 기대감에 의한 상승. / 미국발 훈풍에 의한 투자 심리 개선.,todaytop15,2026-09-04 12:09:43
2026-09-04,15:20,5,원익홀딩스,,29.9,1.7조,"1,446억",2,,메타 휴머노이드 인수로 피지컬AI 생태계 진출 및 로봇 손 공동개발 파트너 수혜감 증가. / 휴머노이드 사업 확대 기대감에 따른 로봇 관련주 강세.,todaytop15,2026-09-04 12:09:43
2026-09-04,15:20,6,SK스퀘어,반도체/소부장,5.7,136.8조,"5,323억",1,,SK하이닉스의 2분기 실적 급증이 SK스퀘어의 주가에 긍정적인 영향을 미친 효과. / 주주환원 체계 강화와 관련된 기대감.,todaytop15,2026-09-04 12:09:43
2026-09-04,15:20,7,삼성전기,기판/전자부품,3.8,104.5조,1.2조,1,,글로벌 대형기업과의 1조722억 규모 MLCC 공급 계약 체결에 따른 수익성 개선 기대감. / AI 및 전장 시장의 고성장에 따른 MLCC 수요 증가 전망.,todaytop15,2026-09-04 12:09:43
2026-09-04,15:20,8,한미반도체,반도체/소부장,8.8,21.8조,"3,238억",0,,대만 파운드리 기업에 패키징 장비 대량 공급 계약 체결로 인한 생산 라인 확보 기대감. / AI 반도체 장비 수요 증가에 대응하기 위한 8공장 증설 계획 발표.,todaytop15,2026-09-04 12:09:43
2026-09-04,15:20,9,HD현대,조선/에너지,12.7,19.0조,727억,0,,미국 데이터센터 발전설비 수주로 인한 수익성 개선 기대감. / 아르헨티나 잠수함 수주전에서의 급부상에 따른 사업 확장 전망.,todaytop15,2026-09-04 12:09:43
2026-09-04,15:20,10,에스피지,로봇,12.5,2.1조,"2,109억",0,,로봇 액추에이터 'SDD'의 9월 양산 돌입 계획에 따른 기대감. / 감속기 3종 풀라인업으로 로봇 부품시장 공략 가속화 전망.,todaytop15,2026-09-04 12:09:43
2026-09-04,15:20,11,두산퓨얼셀,수소,12.6,2.9조,"1,123억",0,,미국 AI 데이터센터에 5000억 원 규모의 연료전지 수주 성공 소식. / 목표 주가 4만 7000원 유지에 따른 긍정적 전망.,todaytop15,2026-09-04 12:09:43
2026-09-04,15:20,12,SK이노베이션,정유/화학#배터리/2차전지,5.7,23.4조,"2,599억",0,,중동 긴장과 국제유가 상승에 따른 정유주 강세 테마 수혜. / 액침냉각 시스템 등 냉각시스템 테마 상승세에 따른 기대감.,todaytop15,2026-09-04 12:09:43
2026-09-04,15:20,13,S-Oil,,6.0,17.7조,"1,953억",0,,국제유가 상승과 중동 긴장 지속으로 정유 산업 전반에 긍정적 기대감. / 정유 테마 상승세에 따른 시장의 관심 증가.,todaytop15,2026-09-04 12:09:43
2026-09-04,15:20,14,원익IPS,반도체/소부장,9.4,5.6조,990억,0,,반도체 산업 내 설비투자 확대에 따른 장비 수주 증가 기대감. / 삼성전자 및 SK하이닉스와의 협력 강화로 인한 시장 점유율 확대 전망.,todaytop15,2026-09-04 12:09:43
2026-09-04,15:20,15,원익,화장품,16.0,"1,810억","1,433억",0,,국민성장펀드의 3500억원 투자 유치로 로봇사업 성장 기대감. / 자회사 원익로보틱스의 시장 내 위치 강화 및 지분가치 재평가 전망.,todaytop15,2026-09-04 12:09:43
2026-09-07,15:20,1,SK하이닉스,반도체/소부장,7.9,1298.1조,8.8조,3,,새 AI 모델 '아스트라' 출시에 따른 반도체 수요 증가 기대감. / 오픈AI의 메모리 수요 증가에 따른 긍정적 전망.,todaytop15,2026-09-07 13:32:27
2026-09-07,15:20,2,삼성전자,반도체/소부장,5.3,1572.6조,6.6조,3,,오픈AI의 새 AI 모델 '아스트라' 출시로 인한 메모리 수요 증가 기대감. / 반도체 시장의 긍정적 흐름과 미국 반도체주의 훈풍에 따른 상승 전망.,todaytop15,2026-09-07 13:32:27
2026-09-07,15:20,3,두산에너빌리티,원전,11.1,56.4조,"9,818억",3,,정부의 대미 전략투자 1호로 텍사스 가스복합발전이 확정되면서 가스터빈 관련 기대감. / 일본 에바라와의 LNG 핵심 압축기 공동 개발로 글로벌 시장 경쟁력 강화 기대감.,todaytop15,2026-09-07 13:32:27
2026-09-07,15:20,4,스카이랩스,,30.0,"5,732억","7,802억",2,,유럽심장학회에서 'CART' 임상 결과가 호평을 받으며 기술력 인정 기대감. / AI 기반 혈압반지의 심방세동 및 심부전 유용성 입증에 따른 시장 확대 전망.,todaytop15,2026-09-07 13:32:27
2026-09-07,15:20,5,SK스퀘어,반도체/소부장,7.4,147.5조,"7,774억",2,,SK하이닉스의 실적 개선과 함께 반도체 업계의 긍정적인 분위기에 따른 기대감. / 자사주 소각 등 주주환원 정책 강화로 인한 투자 매력 증가.,todaytop15,2026-09-07 13:32:27
2026-09-07,15:20,6,두산퓨얼셀,수소,13.7,3.3조,"3,520억",1,,미국 데이터센터에 5014억원 규모의 연료전지 수주 소식으로 인한 투자자 기대감. / AI 데이터센터 전력시장 진출을 통한 글로벌 시장 확대 전망.,todaytop15,2026-09-07 13:32:27
2026-09-07,15:20,7,LG전자,로봇,5.7,34.7조,"7,710억",1,,로봇 액추에이터 수주 본격화에 따른 성장 기대감. / 베어로보틱스와의 프리IPO 추진 소식에 대한 긍정적 전망.,todaytop15,2026-09-07 13:32:27
2026-09-07,15:20,8,한전기술,원전,13.3,4.7조,"2,072억",0,,해상풍력과 소형모듈원자로(SMR) 사업 재편에 따른 성장 기대감. / 한전기술지주 출범에 따른 에너지 혁신기술 사업화 및 유니콘 육성 기대.,todaytop15,2026-09-07 13:32:27
2026-09-07,15:20,9,삼성전기,기판/전자부품,3.4,108.2조,1.3조,0,,신규 공급 계약 공시로 인한 긍정적 기대감. / 삼성전자 및 SK하이닉스와의 테마 상승세에 따른 수혜 전망.,todaytop15,2026-09-07 13:32:27
2026-09-07,15:20,10,필옵틱스,페브로스카이트#반도체/소부장#디스플레이/OLED,29.8,"7,853억",618억,0,,차세대 유리기판 실물 공개에 따른 기술력 입증. / 글로벌 발주 준비로 인한 미래 성장 기대감.,todaytop15,2026-09-07 13:32:27
2026-09-07,15:20,11,두산,반도체/소부장,10.4,20.4조,"1,636억",0,,미국 데이터센터 시장에 5014억원 규모의 연료전지 수주 소식에 따른 기대감. / AI 데이터센터 전력시장 진출을 통한 신성장 동력 확보 전망.,todaytop15,2026-09-07 13:32:27
2026-09-07,15:20,12,가온전선,전력설비,10.4,7.0조,"2,698억",0,,AI 데이터센터와 미국 전력망 투자 기대감에 의한 상승 기대감. / 업종 강세 속 수급 쏠림 현상에 의한 주목.,todaytop15,2026-09-07 13:32:27
2026-09-07,15:20,13,효성중공업,전력설비,8.0,27.5조,"2,173억",0,,미국 수출용 245kV 63kA 가스절연차단기 개발 완료 소식에 따른 기술력 강화 기대감. / 호주에서 3100억 원 규모 장기 공급계약 체결에 따른 수익성 개선 전망.,todaytop15,2026-09-07 13:32:27
2026-09-07,15:20,14,삼미금속,데이터센터#원전,22.4,"2,356억","1,680억",0,역사적 거래량,미국 초대형 가스발전 프로젝트에서 가스터빈 핵심 블레이드 독점 공급 계약 체결에 의한 기대감. / 정부의 대미투자 1호인 가스복합발전 확정 소식에 따른 산업 내 위치 강화 전망.,todaytop15,2026-09-07 13:32:27
2026-09-07,15:20,15,비에이치아이,원전#수소,12.7,2.1조,"1,662억",0,,정부의 대미투자 1호 '가스복합발전' 확정 소식에 가스터빈 관련주로 주목받는 기대감. / 차세대 에너지 기술 국산화 협력에 따른 기술력 강화 및 사업 확장 전망.,todaytop15,2026-09-07 13:32:27
2026-09-08,15:20,1,SK하이닉스,반도체/소부장,5.8,1378.4조,7.7조,3,,오픈AI GPT-6 아스트라 발표에 따른 인공지능 기술 수요 증가 기대감. / '미확정' 풍문 해명 공시로 인한 투자자 신뢰 회복 기대감.,todaytop15,2026-09-08 12:10:21
2026-09-08,15:20,2,삼성전자,반도체/소부장,3.1,1628.2조,5.8조,3,,오픈AI GPT-6 '아스트라' 공개 후 반도체 관련 기술 기대감. / 외국인과 기관의 매수세에 따른 투자 매력도 증가.,todaytop15,2026-09-08 12:10:21
2026-09-08,15:20,3,스카이랩스,,20.5,"6,904억","8,139억",3,,반지형 혈압계의 혁신적 기술력에 대한 시장의 긍정적 평가. / 신규 상장 후 지속적인 투자자 관심에 따른 상승 기대감.,todaytop15,2026-09-08 12:10:21
2026-09-08,15:20,4,한전기술,원전,15.5,5.4조,"4,968억",2,,미국 원전 8기 건설 논의와 대미투자 사업 '엔시날' 참여 기대감. / 한불 정상회담에서 원자력 의제 논의에 따른 시장 반응.,todaytop15,2026-09-08 12:10:21
2026-09-08,15:20,5,SK스퀘어,반도체/소부장,6.3,157.8조,"6,105억",2,,AI·반도체 투자회사로의 변신에 대한 기대감. / 특별한 호재 없이도 견조한 상승세 유지.,todaytop15,2026-09-08 12:10:21
2026-09-08,15:20,6,대우건설,건설/주택/토목#원전,12.7,9.7조,"3,975억",1,,'주거 뉴딜' 추진에 따른 건설업계 전반의 긍정적 기대감. / 원자력발전 테마 상승세에 따른 투자자 관심 증가. / 주성엔지니어링 ⭐,todaytop15,2026-09-08 12:10:21
2026-09-08,15:20,7,빛과전자,광학/광통신,30.0,"4,102억","1,421억",0,,AI 데이터센터 및 6G 국책사업의 주요 수행기관으로 선정된 소식에 따른 기대감. / 6G 광통신 부품 상용화 사업 선정에 의한 성장 가능성 부각.,todaytop15,2026-09-08 12:10:21
2026-09-08,15:20,8,현대약품,,22.2,"3,293억","2,765억",0,,임신중지약 미프진의 연내 출시 기대감으로 주목받음. / 탈모약 시장의 성장과 미프진 도입 가능성에 대한 기대감.,todaytop15,2026-09-08 12:10:21
2026-09-08,15:20,9,두산에너빌리티,원전,4.4,58.8조,"9,965억",0,,미국 내 원전 8기 건설 추진 및 가스발전 기대감. / 한미 원전 협력 기대감.,todaytop15,2026-09-08 12:10:21
2026-09-08,15:20,10,현대건설,재건#건설/주택/토목#원전,6.4,15.0조,"2,707억",0,,원자력발전 테마 상승세에 따른 기대감. / 대미투자 및 원전 수주 전망에 대한 긍정적 반응.,todaytop15,2026-09-08 12:10:21
2026-09-08,15:20,11,한미반도체,반도체/소부장,5.6,24.2조,"2,683억",0,,미국 법인 설립을 통해 AI 반도체 장비 수요에 대응하는 전략 강화. / FC본더 추가 수주로 인한 새로운 성장 동력 확보 기대감.,todaytop15,2026-09-08 12:10:21
2026-09-08,15:20,12,광전자,광학/광통신#자율주행,16.5,"4,786억","1,089억",0,,마이크로 LED 테마 상승세에 따른 주목 / 고성능 센서 개발 기대감에 의한 기술적 돌파 시도,todaytop15,2026-09-08 12:10:21
2026-09-08,15:20,13,오르비텍,원전,27.0,"2,004억",402억,0,,미국 원전 8기 건설 추진 소식에 따른 기대감. / 항공기부품 테마 상승세에 따른 주목.,todaytop15,2026-09-08 12:10:21
2026-09-08,15:20,14,우리기술,재건#원전,9.2,2.1조,"1,283억",0,,미국의 원자력발전소 건설 추진 소식에 따른 원전 관련 기대감. / 한·미 원전 협력 강화와 대미투자 포함 기대에 따른 긍정적 전망.,todaytop15,2026-09-08 12:10:21
2026-09-09,15:20,1,SK하이닉스,반도체/소부장,3.7,1358.0조,9.3조,3,,미국 반도체주 상승에 따른 긍정적 영향 / 반도체 산업의 전반적인 성장세에 따른 기대감,todaytop15,2026-09-09 12:22:24
2026-09-09,15:20,2,우리기술,재건#원전,21.2,2.5조,"5,173억",3,,미국 원전 8기 건설 기대감에 따른 원자력 산업의 투자 확대 기대감. / 원자력 분야에서의 기술적 전문성과 시장 내 위치 강화 전망.,todaytop15,2026-09-09 12:22:24
2026-09-09,15:20,3,가온전선,전력설비,16.7,7.9조,"4,179억",3,,캐나다 전력시장 첫 진출 소식에 따른 성장 기대감. / 북미 공공 전력망 시장 진출 부각에 의한 긍정적 전망.,todaytop15,2026-09-09 12:22:24
2026-09-09,15:20,4,SK이노베이션,정유/화학#배터리/2차전지,10.9,25.9조,"4,469억",2,52주 신고가,한·인니 청년 창업 지원 통합을 통한 기후테크 생태계 확장 기대감. / SK이노베이션 E&S의 글로벌 협력 강화에 따른 성장 잠재력 확대 전망.,todaytop15,2026-09-09 12:22:24
2026-09-09,15:20,5,삼성SDI,배터리/2차전지,8.1,46.2조,"6,336억",2,,전고체 배터리 상용화에 한 발 더 다가선 소식이 긍정적 기대감. / 삼성디스플레이 지분 매각으로 확보한 자금을 통한 미국 ESS 시장 재원 마련.,todaytop15,2026-09-09 12:22:24
2026-09-09,15:20,6,삼미금속,데이터센터#원전,29.9,"3,004억","2,334억",1,역사적 거래량,두산에너빌리티 대형 원전 터빈 국내 독점 공급 계약 체결로 인한 수주 기대감. / 스페이스X 데이터센터용 가스터빈 공급 확대에 따른 성장 모멘텀 확보.,todaytop15,2026-09-09 12:22:24
2026-09-09,15:20,7,RF머트리얼즈,희토류#광학/광통신#데이터센터,22.2,"7,582억","1,380억",1,52주 최대 거래량,미국발 '광통신' 훈풍에 따른 수혜 기대감. / AI 인프라 수요 증가에 따른 성장 전망.,todaytop15,2026-09-09 12:22:24
2026-09-09,15:20,8,엘앤에프,배터리/2차전지,11.6,5.2조,"2,281억",0,,LFP 양극재 양산 기대감에 따른 미국 ESS 시장 수요 증가. / 전환사채 발행 검토를 통한 LFP 양극재 사업 본격화 추진.,todaytop15,2026-09-09 12:22:24
2026-09-09,15:20,9,로보티즈,로봇,9.0,4.5조,"4,091억",0,,오픈형 휴머노이드 로봇 생태계 확대 속도와 중국과의 경쟁 가능성 부각. / AI 사피엔스 휴머노이드 로봇의 초기 물량 완판 기대감.,todaytop15,2026-09-09 12:22:24
2026-09-09,15:20,10,LG에너지솔루션,배터리/2차전지,6.6,86.9조,"1,944억",0,,전고체 배터리 상용화 확대 기대감 / 미국산 탄산리튬 장기 매입 계약 체결 호재,todaytop15,2026-09-09 12:22:24
2026-09-09,15:20,11,두산퓨얼셀,수소,9.0,2.3조,"4,457억",0,,AI 데이터센터용 연료전지 수주에 따른 성장 기대감. / 미국 데이터센터 시장 진출 확대로 인한 긍정적 평가. / 대한광통신,todaytop15,2026-09-09 12:22:24
2026-09-09,15:20,12,범한퓨얼셀,수소,29.8,"2,046억",714억,0,,AI 데이터센터의 전력원으로 연료전지 활용 가능성 부각에 의한 기대감. / 글로벌 전력 인프라 수요 확대에 따른 성장 전망.,todaytop15,2026-09-09 12:22:24
2026-09-09,15:20,13,롯데케미칼,정유/화학,17.4,2.9조,596억,0,,중동전쟁으로 인한 화학제품 수요 증가로 매출 및 이익 증가 기대감. / 통합법인 출범 준비로 인한 사업 구조 개선 및 성장 가능성 기대감.,todaytop15,2026-09-09 12:22:24
2026-09-09,15:20,14,삼성전기,기판/전자부품,2.5,104.9조,"9,840억",0,,AI 부품 공급부족 심화에 따른 수요 증가 기대감. / AI·서버용 차세대 반도체 패키지기판 공개로 기술 경쟁력 부각.,todaytop15,2026-09-09 12:22:24
